{
	"credit": "Made with Blockbench",
	"textures": {
		"1": "item/1029_carved_pumpkin_antennamask"
	},
	"elements": [
		{
			"name": "bare",
			"from": [5, 11, 7],
			"to": [6, 15, 8],
			"rotation": {"angle": -22.5, "axis": "x", "origin": [5.5, 12, 8]},
			"faces": {
				"north": {"uv": [0, 11, 1, 15], "texture": "#1"},
				"east": {"uv": [1, 11, 2, 15], "texture": "#1"},
				"south": {"uv": [2, 11, 3, 15], "texture": "#1"},
				"west": {"uv": [3, 11, 4, 15], "texture": "#1"},
				"up": {"uv": [14, 7, 13, 6], "texture": "#1"},
				"down": {"uv": [14, 7, 13, 8], "texture": "#1"}
			}
		},
		{
			"name": "boute",
			"from": [4.5, 14.25, 6.25],
			"to": [5.5, 15.25, 7.25],
			"rotation": {"angle": -22.5, "axis": "x", "origin": [5.5, 12, 8]},
			"faces": {
				"north": {"uv": [8, 13, 9, 14], "texture": "#1"},
				"east": {"uv": [9, 13, 10, 14], "texture": "#1"},
				"south": {"uv": [10, 13, 11, 14], "texture": "#1"},
				"west": {"uv": [13, 10, 14, 11], "texture": "#1"},
				"up": {"uv": [12, 14, 11, 13], "texture": "#1"},
				"down": {"uv": [14, 11, 13, 12], "texture": "#1"}
			}
		},
		{
			"name": "bare",
			"from": [10, 11, 7],
			"to": [11, 15, 8],
			"rotation": {"angle": -22.5, "axis": "x", "origin": [5.5, 12, 8]},
			"faces": {
				"north": {"uv": [4, 11, 5, 15], "texture": "#1"},
				"east": {"uv": [5, 11, 6, 15], "texture": "#1"},
				"south": {"uv": [6, 11, 7, 15], "texture": "#1"},
				"west": {"uv": [7, 11, 8, 15], "texture": "#1"},
				"up": {"uv": [15, 5, 14, 4], "texture": "#1"},
				"down": {"uv": [15, 5, 14, 6], "texture": "#1"}
			}
		},
		{
			"name": "boute",
			"from": [10.5, 14.25, 6.25],
			"to": [11.5, 15.25, 7.25],
			"rotation": {"angle": -22.5, "axis": "x", "origin": [5.5, 12, 8]},
			"faces": {
				"north": {"uv": [14, 6, 15, 7], "texture": "#1"},
				"east": {"uv": [14, 7, 15, 8], "texture": "#1"},
				"south": {"uv": [8, 14, 9, 15], "texture": "#1"},
				"west": {"uv": [9, 14, 10, 15], "texture": "#1"},
				"up": {"uv": [11, 15, 10, 14], "texture": "#1"},
				"down": {"uv": [15, 10, 14, 11], "texture": "#1"}
			}
		},
		{
			"from": [4.5, 3.75, 3.75],
			"to": [11.5, 6, 4],
			"faces": {
				"north": {"uv": [0, 0, 7, 2], "texture": "#1"},
				"east": {"uv": [12, 10, 13, 12], "texture": "#1"},
				"south": {"uv": [0, 2, 7, 4], "texture": "#1"},
				"west": {"uv": [12, 12, 13, 14], "texture": "#1"},
				"up": {"uv": [7, 5, 0, 4], "texture": "#1"},
				"down": {"uv": [7, 5, 0, 6], "texture": "#1"}
			}
		},
		{
			"from": [4.5, 3.75, 4],
			"to": [11.5, 4, 5],
			"faces": {
				"north": {"uv": [0, 6, 7, 7], "texture": "#1"},
				"east": {"uv": [11, 14, 12, 15], "texture": "#1"},
				"south": {"uv": [0, 7, 7, 8], "texture": "#1"},
				"west": {"uv": [14, 11, 15, 12], "texture": "#1"},
				"up": {"uv": [14, 1, 7, 0], "texture": "#1"},
				"down": {"uv": [14, 1, 7, 2], "texture": "#1"}
			}
		},
		{
			"from": [5, 3.75, 5],
			"to": [11, 4, 5.75],
			"faces": {
				"north": {"uv": [7, 6, 13, 7], "texture": "#1"},
				"east": {"uv": [12, 14, 13, 15], "texture": "#1"},
				"south": {"uv": [7, 7, 13, 8], "texture": "#1"},
				"west": {"uv": [14, 12, 15, 13], "texture": "#1"},
				"up": {"uv": [6, 9, 0, 8], "texture": "#1"},
				"down": {"uv": [12, 8, 6, 9], "texture": "#1"}
			}
		},
		{
			"from": [7, 6, 3.75],
			"to": [9, 7, 4],
			"faces": {
				"north": {"uv": [9, 11, 11, 12], "texture": "#1"},
				"east": {"uv": [13, 14, 14, 15], "texture": "#1"},
				"south": {"uv": [9, 12, 11, 13], "texture": "#1"},
				"west": {"uv": [14, 13, 15, 14], "texture": "#1"},
				"up": {"uv": [15, 9, 13, 8], "texture": "#1"},
				"down": {"uv": [15, 9, 13, 10], "texture": "#1"}
			}
		},
		{
			"from": [4.75, 7, 3.75],
			"to": [11.25, 8, 4],
			"faces": {
				"north": {"uv": [7, 2, 14, 3], "texture": "#1"},
				"east": {"uv": [14, 14, 15, 15], "texture": "#1"},
				"south": {"uv": [7, 3, 14, 4], "texture": "#1"},
				"west": {"uv": [0, 15, 1, 16], "texture": "#1"},
				"up": {"uv": [14, 5, 7, 4], "texture": "#1"},
				"down": {"uv": [14, 5, 7, 6], "texture": "#1"}
			}
		},
		{
			"from": [5.25, 8, 3.75],
			"to": [10.75, 9, 4],
			"faces": {
				"north": {"uv": [0, 9, 6, 10], "texture": "#1"},
				"east": {"uv": [15, 0, 16, 1], "texture": "#1"},
				"south": {"uv": [6, 9, 12, 10], "texture": "#1"},
				"west": {"uv": [1, 15, 2, 16], "texture": "#1"},
				"up": {"uv": [6, 11, 0, 10], "texture": "#1"},
				"down": {"uv": [12, 10, 6, 11], "texture": "#1"}
			}
		},
		{
			"from": [11, 6, 3.75],
			"to": [11.25, 7, 4],
			"faces": {
				"north": {"uv": [15, 1, 16, 2], "texture": "#1"},
				"east": {"uv": [2, 15, 3, 16], "texture": "#1"},
				"south": {"uv": [15, 2, 16, 3], "texture": "#1"},
				"west": {"uv": [3, 15, 4, 16], "texture": "#1"},
				"up": {"uv": [16, 4, 15, 3], "texture": "#1"},
				"down": {"uv": [5, 15, 4, 16], "texture": "#1"}
			}
		},
		{
			"from": [4.75, 6, 3.75],
			"to": [5, 7, 4],
			"faces": {
				"north": {"uv": [13, 12, 14, 13], "texture": "#1"},
				"east": {"uv": [13, 13, 14, 14], "texture": "#1"},
				"south": {"uv": [14, 0, 15, 1], "texture": "#1"},
				"west": {"uv": [14, 1, 15, 2], "texture": "#1"},
				"up": {"uv": [15, 3, 14, 2], "texture": "#1"},
				"down": {"uv": [15, 3, 14, 4], "texture": "#1"}
			}
		},
		{
			"name": "eys",
			"from": [5, 6, 3.825],
			"to": [7, 7, 3.95],
			"faces": {
				"north": {"uv": [11, 11, 12, 12], "texture": "#1"},
				"east": {"uv": [0, 0, 0.125, 1], "texture": "#missing"},
				"south": {"uv": [0, 0, 2, 1], "texture": "#missing"},
				"west": {"uv": [0, 0, 0.125, 1], "texture": "#missing"},
				"up": {"uv": [0, 0, 2, 0.125], "texture": "#missing"},
				"down": {"uv": [0, 0, 2, 0.125], "texture": "#missing"}
			}
		},
		{
			"name": "eys",
			"from": [5, 6, 3.751],
			"to": [7, 7, 3.876],
			"faces": {
				"north": {"uv": [11, 15, 12, 16], "texture": "#1"},
				"east": {"uv": [0, 0, 0.125, 1], "texture": "#1"},
				"south": {"uv": [11, 11, 12, 12], "texture": "#1"},
				"west": {"uv": [0, 0, 0.125, 1], "texture": "#1"},
				"up": {"uv": [0, 0, 2, 0.125], "texture": "#1"},
				"down": {"uv": [0, 0, 2, 0.125], "texture": "#1"}
			}
		},
		{
			"name": "eyes",
			"from": [9, 6, 3.825],
			"to": [11, 7, 3.95],
			"faces": {
				"north": {"uv": [8, 11, 9, 12], "texture": "#1"},
				"east": {"uv": [0, 0, 0.125, 1], "texture": "#1"},
				"south": {"uv": [0, 0, 2, 1], "texture": "#1"},
				"west": {"uv": [0, 0, 0.125, 1], "texture": "#1"},
				"up": {"uv": [0, 0, 2, 0.125], "texture": "#1"},
				"down": {"uv": [0, 0, 2, 0.125], "texture": "#1"}
			}
		},
		{
			"name": "eyes",
			"from": [9, 6, 3.751],
			"to": [11, 7, 3.876],
			"faces": {
				"north": {"uv": [8, 15, 9, 16], "texture": "#1"},
				"east": {"uv": [0, 0, 0.125, 1], "texture": "#1"},
				"south": {"uv": [8, 11, 9, 12], "texture": "#1"},
				"west": {"uv": [0, 0, 0.125, 1], "texture": "#1"},
				"up": {"uv": [0, 0, 2, 0.125], "texture": "#1"},
				"down": {"uv": [0, 0, 2, 0.125], "texture": "#1"}
			}
		}
	],
	"display": {
		"head": {
			"scale": [1.6, 1.6, 1.6]
		}
	},
	"groups": [
		{
			"name": "LeftAntenna",
			"origin": [0, 0, 0],
			"color": 0,
			"children": [0, 1]
		},
		{
			"name": "RightAntenna",
			"origin": [0, 0, 0],
			"color": 0,
			"children": [2, 3]
		},
		{
			"name": "mask",
			"origin": [8, 8, 8],
			"color": 0,
			"children": [4, 5, 6, 7, 8, 9, 10, 11]
		},
		12,
		13,
		14,
		15
	]
}