{
	"credit": "Made with Blockbench",
	"textures": {
		"0": "item/1030_carved_pumpkin_robloxface",
		"particle": "item/1030_carved_pumpkin_robloxface"
	},
	"elements": [
		{
			"from": [3.5, 3.75, 3.75],
			"to": [12.5, 12.75, 12.75],
			"faces": {
				"north": {"uv": [0, 0, 16, 16], "texture": "#0"},
				"east": {"uv": [0, 0, 0.34286, 15.84762], "texture": "#0"},
				"south": {"uv": [0, 0, 0.8, 16], "texture": "#0"},
				"west": {"uv": [15.58095, 0, 16, 15.9619], "texture": "#0"},
				"up": {"uv": [0, 0, 16, 0.41905], "texture": "#0"},
				"down": {"uv": [0, 15.69524, 16, 15.9619], "texture": "#0"}
			}
		}
	],
	"gui_light": "front",
	"display": {
		"thirdperson_righthand": {
			"translation": [0, -1.5, 1.25],
			"scale": [0.5, 0.5, 0.5]
		},
		"thirdperson_lefthand": {
			"translation": [0, -1.5, 1.25],
			"scale": [0.5, 0.5, 0.5]
		},
		"firstperson_righthand": {
			"translation": [0, -2, 2.5]
		},
		"firstperson_lefthand": {
			"translation": [0, -2, 2.5]
		},
		"gui": {
			"rotation": [-30, 180, 0],
			"translation": [0, -2.75, 0],
			"scale": [1.4, 1.4, 1.4]
		},
		"head": {
			"translation": [0, -2.75, -0.75],
			"scale": [1.4125, 1.09219, 1.34414]
		},
		"fixed": {
			"translation": [0, 0.5, 16.25],
			"scale": [4, 4, 4]
		}
	}
}