{
	"credit": "Made with Blockbench",
	"texture_size": [12, 26],
	"textures": {
		"0": "#item_texture",
		"particle": "#item_texture"
	},
	"elements": [
		{
			"from": [7.5, 0, 7],
			"to": [8.5, 26, 9],
			"rotation": {"angle": 0, "axis": "x", "origin": [8, 6, 8]},
			"faces": {
				"north": {"uv": [8, 0, 9.33333, 16], "texture": "#0"},
				"east": {"uv": [6.66667, 0, 9.33333, 16], "texture": "#0"},
				"south": {"uv": [6.66667, 0, 8, 16], "texture": "#0"},
				"west": {"uv": [6.66667, 0, 9.33333, 16], "texture": "#0"},
				"up": {"uv": [6.66667, 0, 9.33333, 0.61538], "texture": "#0"},
				"down": {"uv": [6.66667, 15.38462, 9.33333, 16], "texture": "#0"}
			}
		},
		{
			"from": [7.5, 1, 6],
			"to": [8.5, 3, 7],
			"rotation": {"angle": 0, "axis": "x", "origin": [8, 6, 8]},
			"faces": {
				"north": {"uv": [9.33333, 14.15385, 10.66667, 15.38462], "texture": "#0"},
				"east": {"uv": [9.33333, 14.15385, 10.66667, 15.38462], "texture": "#0"},
				"south": {"uv": [0, 0, 2.66667, 1.23077], "texture": "#missing"},
				"west": {"uv": [9.33333, 14.15385, 10.66667, 15.38462], "texture": "#0"},
				"up": {"uv": [9.33333, 14.15385, 10.66667, 14.76923], "texture": "#0"},
				"down": {"uv": [9.33333, 14.76923, 10.66667, 15.38462], "texture": "#0"}
			}
		},
		{
			"from": [7.5, 1, 9],
			"to": [8.5, 3, 10],
			"rotation": {"angle": 0, "axis": "x", "origin": [8, 6, 8]},
			"faces": {
				"north": {"uv": [0, 0, 2.66667, 1.23077], "texture": "#missing"},
				"east": {"uv": [5.33333, 14.15385, 6.66667, 15.38462], "texture": "#0"},
				"south": {"uv": [5.33333, 14.15385, 6.66667, 15.38462], "texture": "#0"},
				"west": {"uv": [5.33333, 14.15385, 6.66667, 15.38462], "texture": "#0"},
				"up": {"uv": [5.33333, 14.15385, 6.66667, 14.76923], "texture": "#0"},
				"down": {"uv": [5.33333, 14.76923, 6.66667, 15.38462], "texture": "#0"}
			}
		},
		{
			"from": [7.5, 6, 6],
			"to": [8.5, 7, 7],
			"rotation": {"angle": 0, "axis": "x", "origin": [8, 6, 8]},
			"faces": {
				"north": {"uv": [9.33333, 11.69231, 10.66667, 12.30769], "texture": "#0"},
				"east": {"uv": [9.33333, 11.69231, 10.66667, 12.30769], "texture": "#0"},
				"south": {"uv": [0, 0, 2.66667, 0.61538], "texture": "#missing"},
				"west": {"uv": [9.33333, 11.69231, 10.66667, 12.30769], "texture": "#0"},
				"up": {"uv": [9.33333, 11.69231, 10.66667, 12.30769], "texture": "#0"},
				"down": {"uv": [9.33333, 11.69231, 10.66667, 12.30769], "texture": "#0"}
			}
		},
		{
			"from": [7.5, 7, 5],
			"to": [8.5, 11, 6],
			"rotation": {"angle": 0, "axis": "x", "origin": [8, 6, 8]},
			"faces": {
				"north": {"uv": [9.33333, 8.61538, 10.66667, 11.07692], "texture": "#0"},
				"east": {"uv": [9.33333, 8.61538, 10.66667, 11.07692], "texture": "#0"},
				"south": {"uv": [9.33333, 10.46154, 10.66667, 11.07692], "texture": "#0"},
				"west": {"uv": [9.33333, 8.61538, 10.66667, 11.07692], "texture": "#0"},
				"up": {"uv": [9.33333, 8.61538, 10.66667, 9.23077], "texture": "#0"},
				"down": {"uv": [9.33333, 10.46154, 10.66667, 11.07692], "texture": "#0"}
			}
		},
		{
			"from": [7.5, 7, 10],
			"to": [8.5, 11, 11],
			"rotation": {"angle": 0, "axis": "x", "origin": [8, 6, 8]},
			"faces": {
				"north": {"uv": [4, 9.23077, 5.33333, 11.69231], "texture": "#0"},
				"east": {"uv": [4, 9.23077, 5.33333, 11.69231], "texture": "#0"},
				"south": {"uv": [4, 9.23077, 5.33333, 11.69231], "texture": "#0"},
				"west": {"uv": [4, 9.23077, 5.33333, 11.69231], "texture": "#0"},
				"up": {"uv": [4, 9.23077, 5.33333, 9.84615], "texture": "#0"},
				"down": {"uv": [4, 11.07692, 5.33333, 11.69231], "texture": "#0"}
			}
		},
		{
			"from": [7.5, 8, 4],
			"to": [8.5, 11, 5],
			"rotation": {"angle": 0, "axis": "x", "origin": [8, 6, 8]},
			"faces": {
				"north": {"uv": [10.66667, 9.23077, 12, 11.07692], "texture": "#0"},
				"east": {"uv": [10.66667, 9.23077, 12, 11.07692], "texture": "#0"},
				"south": {"uv": [0, 0, 2.66667, 1.84615], "texture": "#missing"},
				"west": {"uv": [10.66667, 9.23077, 12, 11.07692], "texture": "#0"},
				"up": {"uv": [10.66667, 9.23077, 12, 9.84615], "texture": "#0"},
				"down": {"uv": [10.66667, 10.46154, 12, 11.07692], "texture": "#0"}
			}
		},
		{
			"from": [7.5, 8, 11],
			"to": [8.5, 11, 12],
			"rotation": {"angle": 0, "axis": "x", "origin": [8, 6, 8]},
			"faces": {
				"north": {"uv": [0, 0, 2.66667, 1.84615], "texture": "#missing"},
				"east": {"uv": [2.66667, 9.23077, 4, 11.07692], "texture": "#0"},
				"south": {"uv": [2.66667, 9.23077, 4, 11.07692], "texture": "#0"},
				"west": {"uv": [2.66667, 9.23077, 4, 11.07692], "texture": "#0"},
				"up": {"uv": [2.66667, 9.23077, 4, 9.84615], "texture": "#0"},
				"down": {"uv": [2.66667, 10.46154, 4, 11.07692], "texture": "#0"}
			}
		},
		{
			"from": [7.5, 9, 2],
			"to": [8.5, 11, 4],
			"rotation": {"angle": 0, "axis": "x", "origin": [8, 6, 8]},
			"faces": {
				"north": {"uv": [16, 9.23077, 16, 10.46154], "texture": "#0"},
				"east": {"uv": [13.33333, 9.23077, 16, 10.46154], "texture": "#0"},
				"south": {"uv": [0, 0, 2.66667, 1.23077], "texture": "#missing"},
				"west": {"uv": [13.33333, 9.23077, 16, 10.46154], "texture": "#0"},
				"up": {"uv": [13.33333, 9.23077, 16, 9.84615], "texture": "#0"},
				"down": {"uv": [13.33333, 9.84615, 16, 10.46154], "texture": "#0"}
			}
		},
		{
			"from": [7.5, 9, 12],
			"to": [8.5, 11, 14],
			"rotation": {"angle": 0, "axis": "x", "origin": [8, 6, 8]},
			"faces": {
				"north": {"uv": [0, 0, 2.66667, 1.23077], "texture": "#missing"},
				"east": {"uv": [0, 9.23077, 2.66667, 10.46154], "texture": "#0"},
				"south": {"uv": [0, 9.23077, 1.33333, 10.46154], "texture": "#0"},
				"west": {"uv": [0, 9.23077, 2.66667, 10.46154], "texture": "#0"},
				"up": {"uv": [0, 9.23077, 2.66667, 9.84615], "texture": "#0"},
				"down": {"uv": [0, 9.84615, 2.66667, 10.46154], "texture": "#0"}
			}
		},
		{
			"from": [7.5, 6, 9],
			"to": [8.5, 7, 10],
			"rotation": {"angle": 0, "axis": "x", "origin": [8, 6, 8]},
			"faces": {
				"north": {"uv": [0, 0, 2.66667, 0.61538], "texture": "#missing"},
				"east": {"uv": [5.33333, 11.69231, 6.66667, 12.30769], "texture": "#0"},
				"south": {"uv": [5.33333, 11.69231, 6.66667, 12.30769], "texture": "#0"},
				"west": {"uv": [5.33333, 11.69231, 6.66667, 12.30769], "texture": "#0"},
				"up": {"uv": [5.33333, 11.69231, 6.66667, 12.30769], "texture": "#0"},
				"down": {"uv": [5.33333, 11.69231, 6.66667, 12.30769], "texture": "#0"}
			}
		},
		{
			"from": [7.5, 8, 6],
			"to": [8.5, 25, 7],
			"rotation": {"angle": 0, "axis": "x", "origin": [8, 6, 8]},
			"faces": {
				"north": {"uv": [9.33333, 0.61538, 10.66667, 11.07692], "texture": "#0"},
				"east": {"uv": [9.33333, 0.61538, 10.66667, 11.07692], "texture": "#0"},
				"south": {"uv": [9.33333, 10.46154, 10.66667, 11.07692], "texture": "#missing"},
				"west": {"uv": [9.33333, 0.61538, 10.66667, 11.07692], "texture": "#0"},
				"up": {"uv": [9.33333, 0.61538, 10.66667, 1.23077], "texture": "#0"},
				"down": {"uv": [9.33333, 10.46154, 10.66667, 11.07692], "texture": "#0"}
			}
		},
		{
			"from": [7.5, 8, 9],
			"to": [8.5, 25, 10],
			"rotation": {"angle": 0, "axis": "x", "origin": [8, 6, 8]},
			"faces": {
				"north": {"uv": [0, 0, 2.66667, 10.46154], "texture": "#missing"},
				"east": {"uv": [5.33333, 0.61538, 6.66667, 11.07692], "texture": "#0"},
				"south": {"uv": [5.33333, 0.61538, 6.66667, 11.07692], "texture": "#0"},
				"west": {"uv": [5.33333, 0.61538, 6.66667, 11.07692], "texture": "#0"},
				"up": {"uv": [5.33333, 0.61538, 6.66667, 1.23077], "texture": "#0"},
				"down": {"uv": [5.33333, 10.46154, 6.66667, 11.07692], "texture": "#0"}
			}
		}
	],
	"display": {
		"thirdperson_righthand": {
			"translation": [0, 0.75, 0.5]
		},
		"thirdperson_lefthand": {
			"rotation": [-180, 0, 0],
			"translation": [0, -4.75, 0.25]
		},
		"firstperson_righthand": {
			"rotation": [-34, 0, 0],
			"translation": [0, 0, 1.75]
		},
		"firstperson_lefthand": {
			"rotation": [118, 0, 0],
			"translation": [0, -0.25, 9]
		},
		"ground": {
			"rotation": [0, 0, -180],
			"translation": [0, 15.75, 0]
		},
		"gui": {
			"rotation": [90, -139, 90],
			"translation": [-2.75, -2.75, 0],
			"scale": [0.75, 0.75, 0.75]
		},
		"head": {
			"rotation": [180, 56, -9],
			"translation": [-4, 12.25, -4]
		},
		"fixed": {
			"rotation": [-90, 0, 0],
			"translation": [0, 0, 64.75],
			"scale": [2, 2, 2]
		}
	}
}