{
	"credit": "Made with Blockbench",
	"texture_size": [32, 32],
	"textures": {
		"0": "#item_texture",
		"particle": "#item_texture"
	},
	"elements": [
		{
			"name": "boute",
			"from": [7, 0.25, 7.25],
			"to": [8.5, 1.75, 8.75],
			"faces": {
				"north": {"texture": "#0"},
				"east": {"uv": [7.5, 14.25, 8.5, 15.75], "texture": "#0"},
				"south": {"uv": [7, 14.25, 8.5, 15.75], "texture": "#0"},
				"west": {"uv": [7.5, 14.25, 8.5, 15.75], "texture": "#0"},
				"up": {"uv": [7, 14.5, 8.5, 15.5], "texture": "#0"},
				"down": {"uv": [7, 14.5, 8.5, 15.5], "texture": "#0"}
			}
		},
		{
			"from": [5.5, 1, 7.5],
			"to": [6.5, 4, 8.5],
			"rotation": {"angle": 22.5, "axis": "z", "origin": [8, 5, 8]},
			"faces": {
				"north": {"uv": [9.5, 12, 10.5, 15], "texture": "#0"},
				"east": {"uv": [7.5, 12, 8.5, 15], "texture": "#0"},
				"south": {"uv": [5.5, 12, 6.5, 15], "texture": "#0"},
				"west": {"uv": [7.5, 12, 8.5, 15], "texture": "#0"},
				"up": {"uv": [5.5, 7.5, 6.5, 8.5], "texture": "#0"},
				"down": {"uv": [5.5, 7.5, 6.5, 8.5], "texture": "#0"}
			}
		},
		{
			"from": [5, 4, 7.25],
			"to": [7, 5, 8.75],
			"rotation": {"angle": 22.5, "axis": "z", "origin": [8, 5, 8]},
			"faces": {
				"north": {"uv": [9, 11, 11, 12], "texture": "#0"},
				"east": {"uv": [7.25, 11, 8.75, 12], "texture": "#0"},
				"south": {"uv": [5, 11, 7, 12], "texture": "#0"},
				"west": {"uv": [7.25, 11, 8.75, 12], "texture": "#0"},
				"up": {"uv": [5, 7.25, 7, 8.75], "texture": "#0"},
				"down": {"uv": [5, 7.25, 7, 8.75], "texture": "#0"}
			}
		},
		{
			"from": [5.25, 5, 7.5],
			"to": [6.75, 5.25, 8.5],
			"rotation": {"angle": 22.5, "axis": "z", "origin": [8, 5, 8]},
			"faces": {
				"north": {"uv": [9.25, 10.75, 10.75, 11], "texture": "#0"},
				"east": {"uv": [7.5, 10.75, 8.5, 11], "texture": "#0"},
				"south": {"uv": [5.25, 10.75, 6.75, 11], "texture": "#0"},
				"west": {"uv": [7.5, 10.75, 8.5, 11], "texture": "#0"},
				"up": {"uv": [5.25, 7.5, 6.75, 8.5], "texture": "#0"},
				"down": {"uv": [5.25, 7.5, 6.75, 8.5], "texture": "#0"}
			}
		},
		{
			"from": [5.25, 5.25, 7.75],
			"to": [6.75, 6, 8.25],
			"rotation": {"angle": 22.5, "axis": "z", "origin": [8, 5, 8]},
			"faces": {
				"north": {"uv": [9.25, 10, 10.75, 10.75], "texture": "#0"},
				"east": {"uv": [7.75, 10, 8.25, 10.75], "texture": "#0"},
				"south": {"uv": [5.25, 10, 6.75, 10.75], "texture": "#0"},
				"west": {"uv": [7.75, 10, 8.25, 10.75], "texture": "#0"},
				"up": {"uv": [5.25, 7.75, 6.75, 8.25], "texture": "#0"},
				"down": {"uv": [5.25, 7.75, 6.75, 8.25], "texture": "#0"}
			}
		},
		{
			"from": [5.25, 6, 7.75],
			"to": [7.25, 6.75, 8.25],
			"rotation": {"angle": 22.5, "axis": "z", "origin": [8, 5, 8]},
			"faces": {
				"north": {"uv": [8.75, 9.25, 10.75, 10], "texture": "#0"},
				"east": {"uv": [7.75, 9.25, 8.25, 10], "texture": "#0"},
				"south": {"uv": [5.25, 9.25, 7.25, 10], "texture": "#0"},
				"west": {"uv": [7.75, 9.25, 8.25, 10], "texture": "#0"},
				"up": {"uv": [5.25, 7.75, 7.25, 8.25], "texture": "#0"},
				"down": {"uv": [5.25, 7.75, 7.25, 8.25], "texture": "#0"}
			}
		},
		{
			"from": [5.25, 5.75, 7.7],
			"to": [7, 6.5, 8.3],
			"rotation": {"angle": 0, "axis": "z", "origin": [8, 5, 8]},
			"faces": {
				"north": {"uv": [9, 9.5, 10.75, 10.25], "texture": "#0"},
				"east": {"uv": [7.75, 9.5, 8.25, 10.25], "texture": "#0"},
				"south": {"uv": [5.25, 9.5, 7, 10.25], "texture": "#0"},
				"west": {"uv": [7.75, 9.5, 8.25, 10.25], "texture": "#0"},
				"up": {"uv": [5.25, 7.75, 7, 8.25], "texture": "#0"},
				"down": {"uv": [5.25, 7.75, 7, 8.25], "texture": "#0"}
			}
		},
		{
			"from": [7, 7.75, 7.875],
			"to": [7.5, 8.5, 8.125],
			"rotation": {"angle": 45, "axis": "z", "origin": [8, 5, 8]},
			"faces": {
				"north": {"uv": [8.5, 7.5, 9, 8.25], "texture": "#0"},
				"east": {"uv": [7.875, 7.5, 8.125, 8.25], "texture": "#0"},
				"south": {"uv": [7, 7.5, 7.5, 8.25], "texture": "#0"},
				"west": {"uv": [7.875, 7.5, 8.125, 8.25], "texture": "#0"},
				"up": {"uv": [7, 7.875, 7.5, 8.125], "texture": "#0"},
				"down": {"uv": [7, 7.875, 7.5, 8.125], "texture": "#0"}
			}
		},
		{
			"from": [5.5, 7.75, 7.875],
			"to": [6.25, 9.75, 8.125],
			"rotation": {"angle": 22.5, "axis": "z", "origin": [8, 5, 8]},
			"faces": {
				"north": {"uv": [9.75, 6.25, 10.5, 8.25], "texture": "#0"},
				"east": {"uv": [7.875, 6.25, 8.125, 8.25], "texture": "#0"},
				"south": {"uv": [5.5, 6.25, 6.25, 8.25], "texture": "#0"},
				"west": {"uv": [7.875, 6.25, 8.125, 8.25], "texture": "#0"},
				"up": {"uv": [5.5, 7.875, 6.25, 8.125], "texture": "#0"},
				"down": {"uv": [5.5, 7.875, 6.25, 8.125], "texture": "#0"}
			}
		},
		{
			"from": [3.885, 8.375, 7.875],
			"to": [4.635, 11.625, 8.125],
			"rotation": {"angle": 0, "axis": "z", "origin": [8, 5, 8]},
			"faces": {
				"north": {"uv": [11.365, 4.375, 12.115, 7.625], "texture": "#0"},
				"east": {"uv": [7.875, 4.375, 8.125, 7.625], "texture": "#0"},
				"south": {"uv": [3.885, 4.375, 4.635, 7.625], "texture": "#0"},
				"west": {"uv": [7.875, 4.375, 8.125, 7.625], "texture": "#0"},
				"up": {"uv": [3.885, 7.875, 4.635, 8.125], "texture": "#0"},
				"down": {"uv": [3.885, 7.875, 4.635, 8.125], "texture": "#0"}
			}
		},
		{
			"from": [1.635, 9.57, 7.9],
			"to": [2.385, 10.445, 8.1],
			"rotation": {"angle": -22.5, "axis": "z", "origin": [8, 5, 8]},
			"faces": {
				"north": {"uv": [13.615, 5.555, 14.365, 6.43], "texture": "#0"},
				"east": {"uv": [7.875, 5.555, 8.125, 6.43], "texture": "#0"},
				"south": {"uv": [1.635, 5.555, 2.385, 6.43], "texture": "#0"},
				"west": {"uv": [7.875, 5.555, 8.125, 6.43], "texture": "#0"},
				"up": {"uv": [1.635, 7.875, 2.385, 8.125], "texture": "#0"},
				"down": {"uv": [1.635, 7.875, 2.385, 8.125], "texture": "#0"}
			}
		},
		{
			"from": [7.375, 11.865, 7.875],
			"to": [8.375, 13.365, 8.125],
			"rotation": {"angle": 22.5, "axis": "z", "origin": [8, 5, 8]},
			"faces": {
				"north": {"uv": [7.625, 2.635, 9.125, 3.635], "rotation": 270, "texture": "#0"},
				"east": {"uv": [7.875, 2.635, 9.375, 2.885], "rotation": 90, "texture": "#0"},
				"south": {"uv": [7.375, 2.635, 8.875, 3.635], "rotation": 90, "texture": "#0"},
				"west": {"uv": [7.875, 2.635, 9.375, 2.885], "rotation": 90, "texture": "#0"},
				"up": {"uv": [7.375, 7.875, 7.625, 8.875], "rotation": 90, "texture": "#0"},
				"down": {"uv": [7.375, 7.875, 7.625, 8.875], "rotation": 90, "texture": "#0"}
			}
		},
		{
			"from": [4.375, 8.115, 7.725],
			"to": [5.625, 11.615, 8.275],
			"rotation": {"angle": 0, "axis": "z", "origin": [8, 5, 8]},
			"faces": {
				"north": {"uv": [10.375, 4.385, 13.875, 5.635], "rotation": 270, "texture": "#0"},
				"east": {"uv": [7.75, 4.385, 11.25, 4.885], "rotation": 90, "texture": "#0"},
				"south": {"uv": [4.375, 4.385, 7.875, 5.635], "rotation": 90, "texture": "#0"},
				"west": {"uv": [7.75, 4.385, 11.25, 4.885], "rotation": 90, "texture": "#0"},
				"up": {"uv": [4.375, 7.75, 4.875, 9], "rotation": 90, "texture": "#0"},
				"down": {"uv": [4.375, 7.75, 4.875, 9], "rotation": 90, "texture": "#0"}
			}
		},
		{
			"from": [6.125, 6.615, 7.75],
			"to": [7.375, 10.115, 8.25],
			"rotation": {"angle": 22.5, "axis": "z", "origin": [8, 5, 8]},
			"faces": {
				"north": {"uv": [8.625, 5.885, 12.125, 7.135], "rotation": 270, "texture": "#0"},
				"east": {"uv": [7.75, 5.885, 11.25, 6.385], "rotation": 90, "texture": "#0"},
				"south": {"uv": [6.125, 5.885, 9.625, 7.135], "rotation": 90, "texture": "#0"},
				"west": {"uv": [7.75, 5.885, 11.25, 6.385], "rotation": 90, "texture": "#0"},
				"up": {"uv": [6.125, 7.75, 6.625, 9], "rotation": 90, "texture": "#0"},
				"down": {"uv": [6.125, 7.75, 6.625, 9], "rotation": 90, "texture": "#0"}
			}
		}
	],
	"gui_light": "front",
	"display": {
		"thirdperson_righthand": {
			"rotation": [80.11, -85.61, 70.06],
			"translation": [-0.5, 2.75, 2.25]
		},
		"thirdperson_lefthand": {
			"rotation": [-125.39, -85.61, 70.06],
			"translation": [-0.5, -6.75, 2.5]
		},
		"firstperson_righthand": {
			"rotation": [-111.54, -86.65, -107.96],
			"translation": [-0.25, 6.75, 3.75]
		},
		"firstperson_lefthand": {
			"rotation": [173.52, -81.32, 34],
			"translation": [-3.5, 0.25, 11]
		},
		"ground": {
			"rotation": [88, 92, 12],
			"translation": [-0.25, 1.25, 0]
		},
		"gui": {
			"rotation": [0, 180, 34],
			"translation": [-0.75, 3.25, 0],
			"scale": [1.4, 1.4, 1.4]
		},
		"head": {
			"rotation": [-91, -2, 75.25],
			"translation": [0, -4.25, -9.5]
		},
		"fixed": {
			"rotation": [104.75, 90, 0],
			"translation": [0, 3.5, -3.5],
			"scale": [1.4, 1.4, 1.4]
		}
	}
}