{
  "credit": "Made with Blockbench",
  "texture_size": [32, 32],
  "textures": {
    "0": "4201_nyalice_sword"
  },
  "elements": [
    {
      "from": [7, 0, 7],
      "to": [9, 2, 9],
      "faces": {
        "north": { "uv": [6.5, 4, 7.5, 5], "texture": "#0" },
        "east": { "uv": [4, 7, 5, 8], "texture": "#0" },
        "south": { "uv": [7, 5, 8, 6], "texture": "#0" },
        "west": { "uv": [6, 7, 7, 8], "texture": "#0" },
        "up": { "uv": [8, 7, 7, 6], "texture": "#0" },
        "down": { "uv": [8, 7, 7, 8], "texture": "#0" }
      }
    },
    {
      "from": [7.5, 2, 7.5],
      "to": [8.5, 5, 8.5],
      "faces": {
        "north": { "uv": [10.5, 0.5, 11, 2], "texture": "#0" },
        "east": { "uv": [10.5, 2, 11, 3.5], "texture": "#0" },
        "south": { "uv": [10.5, 3.5, 11, 5], "texture": "#0" },
        "west": { "uv": [5, 10.5, 5.5, 12], "texture": "#0" },
        "up": { "uv": [6, 11, 5.5, 10.5], "texture": "#0" },
        "down": { "uv": [0.5, 13.5, 0, 14], "texture": "#0" }
      }
    },
    {
      "from": [7.25, 2.78284, 7.57574],
      "to": [8.75, 3.28284, 8.07574],
      "rotation": { "angle": 45, "axis": "x", "origin": [8, 3.03284, 7.32574] },
      "faces": {
        "north": { "uv": [1.5, 11, 2.5, 11.5], "texture": "#0" },
        "east": { "uv": [13.5, 0, 14, 0.5], "texture": "#0" },
        "south": { "uv": [11, 1.5, 12, 2], "texture": "#0" },
        "west": { "uv": [0.5, 13.5, 1, 14], "texture": "#0" },
        "up": { "uv": [12, 2.5, 11, 2], "texture": "#0" },
        "down": { "uv": [3.5, 11, 2.5, 11.5], "texture": "#0" }
      }
    },
    {
      "from": [7.25, 3.48284, 6.8757],
      "to": [8.75, 3.98284, 7.3757],
      "rotation": { "angle": 45, "axis": "x", "origin": [8, 3.03284, 7.32574] },
      "faces": {
        "north": { "uv": [11, 5.5, 12, 6], "texture": "#0" },
        "east": { "uv": [2, 13.5, 2.5, 14], "texture": "#0" },
        "south": { "uv": [11, 6, 12, 6.5], "texture": "#0" },
        "west": { "uv": [2.5, 13.5, 3, 14], "texture": "#0" },
        "up": { "uv": [7.5, 11.5, 6.5, 11], "texture": "#0" },
        "down": { "uv": [12, 6.5, 11, 7], "texture": "#0" }
      }
    },
    {
      "from": [7.25, 1.78284, 7.57574],
      "to": [8.75, 2.28284, 8.07574],
      "rotation": {
        "angle": -45,
        "axis": "x",
        "origin": [8, 3.03284, 7.32574]
      },
      "faces": {
        "north": { "uv": [11, 2.5, 12, 3], "texture": "#0" },
        "east": { "uv": [13.5, 0.5, 14, 1], "texture": "#0" },
        "south": { "uv": [11, 3, 12, 3.5], "texture": "#0" },
        "west": { "uv": [1, 13.5, 1.5, 14], "texture": "#0" },
        "up": { "uv": [4.5, 11.5, 3.5, 11], "texture": "#0" },
        "down": { "uv": [12, 3.5, 11, 4], "texture": "#0" }
      }
    },
    {
      "from": [7.25, 2.48284, 8.27574],
      "to": [8.75, 2.98284, 8.77574],
      "rotation": {
        "angle": -45,
        "axis": "x",
        "origin": [8, 3.03284, 7.32574]
      },
      "faces": {
        "north": { "uv": [11, 4, 12, 4.5], "texture": "#0" },
        "east": { "uv": [13.5, 1, 14, 1.5], "texture": "#0" },
        "south": { "uv": [11, 4.5, 12, 5], "texture": "#0" },
        "west": { "uv": [1.5, 13.5, 2, 14], "texture": "#0" },
        "up": { "uv": [12, 5.5, 11, 5], "texture": "#0" },
        "down": { "uv": [6.5, 11, 5.5, 11.5], "texture": "#0" }
      }
    },
    {
      "from": [7.3, 2.75, 7.05],
      "to": [8.2, 3.65, 7.95],
      "rotation": { "angle": 45, "axis": "y", "origin": [8.5, 3.5, 7.5] },
      "faces": {
        "north": { "uv": [3, 13.5, 3.5, 14], "texture": "#0" },
        "east": { "uv": [3.5, 13.5, 4, 14], "texture": "#0" },
        "south": { "uv": [4, 13.5, 4.5, 14], "texture": "#0" },
        "west": { "uv": [4.5, 13.5, 5, 14], "texture": "#0" },
        "up": { "uv": [5.5, 14, 5, 13.5], "texture": "#0" },
        "down": { "uv": [6, 13.5, 5.5, 14], "texture": "#0" }
      }
    },
    {
      "from": [7.3, 3.75, 7.05],
      "to": [8.2, 4.65, 7.95],
      "rotation": { "angle": 45, "axis": "y", "origin": [8.5, 3.5, 7.5] },
      "faces": {
        "north": { "uv": [6, 13.5, 6.5, 14], "texture": "#0" },
        "east": { "uv": [6.5, 13.5, 7, 14], "texture": "#0" },
        "south": { "uv": [7, 13.5, 7.5, 14], "texture": "#0" },
        "west": { "uv": [7.5, 13.5, 8, 14], "texture": "#0" },
        "up": { "uv": [8.5, 14, 8, 13.5], "texture": "#0" },
        "down": { "uv": [9, 13.5, 8.5, 14], "texture": "#0" }
      }
    },
    {
      "from": [7, 4, 7],
      "to": [9, 6, 9],
      "rotation": { "angle": 45, "axis": "y", "origin": [8, 5, 8] },
      "faces": {
        "north": { "uv": [7.5, 0, 8.5, 1], "texture": "#0" },
        "east": { "uv": [7.5, 1, 8.5, 2], "texture": "#0" },
        "south": { "uv": [7.5, 2, 8.5, 3], "texture": "#0" },
        "west": { "uv": [7.5, 3, 8.5, 4], "texture": "#0" },
        "up": { "uv": [8.5, 5, 7.5, 4], "texture": "#0" },
        "down": { "uv": [6, 7.5, 5, 8.5], "texture": "#0" }
      }
    },
    {
      "from": [7, 5.5, 5],
      "to": [9, 6.5, 8],
      "rotation": { "angle": 22.5, "axis": "x", "origin": [8, 5.6, 6.5] },
      "faces": {
        "north": { "uv": [11, 7, 12, 7.5], "texture": "#0" },
        "east": { "uv": [10, 10.5, 11.5, 11], "texture": "#0" },
        "south": { "uv": [7.5, 11, 8.5, 11.5], "texture": "#0" },
        "west": { "uv": [0, 11, 1.5, 11.5], "texture": "#0" },
        "up": { "uv": [5, 1.5, 4, 0], "texture": "#0" },
        "down": { "uv": [5, 1.5, 4, 3], "texture": "#0" }
      }
    },
    {
      "from": [7, 5.525, 8],
      "to": [9, 6.525, 11],
      "rotation": { "angle": -22.5, "axis": "x", "origin": [8, 6, 9.5] },
      "faces": {
        "north": { "uv": [11, 7.5, 12, 8], "texture": "#0" },
        "east": { "uv": [11, 0.5, 12.5, 1], "texture": "#0" },
        "south": { "uv": [11, 8, 12, 8.5], "texture": "#0" },
        "west": { "uv": [11, 1, 12.5, 1.5], "texture": "#0" },
        "up": { "uv": [4, 5.5, 3, 4], "texture": "#0" },
        "down": { "uv": [5, 3, 4, 4.5], "texture": "#0" }
      }
    },
    {
      "from": [7.25, 6.1, 3.5],
      "to": [8.75, 7.1, 5.5],
      "rotation": { "angle": 45, "axis": "x", "origin": [8, 6.6, 5] },
      "faces": {
        "north": { "uv": [8.5, 11, 9.5, 11.5], "texture": "#0" },
        "east": { "uv": [11, 8.5, 12, 9], "texture": "#0" },
        "south": { "uv": [11, 9, 12, 9.5], "texture": "#0" },
        "west": { "uv": [9.5, 11, 10.5, 11.5], "texture": "#0" },
        "up": { "uv": [1, 9, 0, 8], "texture": "#0" },
        "down": { "uv": [2, 8, 1, 9], "texture": "#0" }
      }
    },
    {
      "from": [7.25, 6.4, 10.775],
      "to": [8.75, 7.4, 12.775],
      "rotation": { "angle": -45, "axis": "x", "origin": [8, 6.6, 11.5] },
      "faces": {
        "north": { "uv": [11, 9.5, 12, 10], "texture": "#0" },
        "east": { "uv": [10.5, 11, 11.5, 11.5], "texture": "#0" },
        "south": { "uv": [0, 11.5, 1, 12], "texture": "#0" },
        "west": { "uv": [1, 11.5, 2, 12], "texture": "#0" },
        "up": { "uv": [3, 9, 2, 8], "texture": "#0" },
        "down": { "uv": [4, 8, 3, 9], "texture": "#0" }
      }
    },
    {
      "from": [7.4, 5.75, 7.25],
      "to": [8.6, 7.25, 8.75],
      "rotation": { "angle": 45, "axis": "x", "origin": [8.1, 6.5, 8] },
      "faces": {
        "north": { "uv": [4, 12.5, 4.5, 13.5], "texture": "#0" },
        "east": { "uv": [9, 8, 10, 9], "texture": "#0" },
        "south": { "uv": [4.5, 12.5, 5, 13.5], "texture": "#0" },
        "west": { "uv": [9, 9, 10, 10], "texture": "#0" },
        "up": { "uv": [5.5, 13.5, 5, 12.5], "texture": "#0" },
        "down": { "uv": [6, 12.5, 5.5, 13.5], "texture": "#0" }
      }
    },
    {
      "from": [7.5, 6, 7.25],
      "to": [8.5, 22, 8.75],
      "faces": {
        "north": { "uv": [2, 0, 2.5, 8], "texture": "#0" },
        "east": { "uv": [0, 0, 1, 8], "texture": "#0" },
        "south": { "uv": [2.5, 0, 3, 8], "texture": "#0" },
        "west": { "uv": [1, 0, 2, 8], "texture": "#0" },
        "up": { "uv": [5, 12, 4.5, 11], "texture": "#0" },
        "down": { "uv": [2.5, 11.5, 2, 12.5], "texture": "#0" }
      }
    },
    {
      "from": [7, 22, 7],
      "to": [9, 23, 9],
      "rotation": { "angle": 45, "axis": "y", "origin": [8, 17, 8] },
      "faces": {
        "north": { "uv": [6, 12.5, 7, 13], "texture": "#0" },
        "east": { "uv": [7, 12.5, 8, 13], "texture": "#0" },
        "south": { "uv": [8, 12.5, 9, 13], "texture": "#0" },
        "west": { "uv": [9, 12.5, 10, 13], "texture": "#0" },
        "up": { "uv": [10.5, 1, 9.5, 0], "texture": "#0" },
        "down": { "uv": [10.5, 1, 9.5, 2], "texture": "#0" }
      }
    },
    {
      "from": [7.25, 22.1, 6],
      "to": [8.75, 23.1, 10],
      "rotation": { "angle": 0, "axis": "y", "origin": [8, 17, 8] },
      "faces": {
        "north": { "uv": [13, 12.5, 14, 13], "texture": "#0" },
        "east": { "uv": [10, 10, 12, 10.5], "texture": "#0" },
        "south": { "uv": [13, 13, 14, 13.5], "texture": "#0" },
        "west": { "uv": [10.5, 0, 12.5, 0.5], "texture": "#0" },
        "up": { "uv": [4, 2, 3, 0], "texture": "#0" },
        "down": { "uv": [4, 2, 3, 4], "texture": "#0" }
      }
    },
    {
      "from": [7.35, 22.85, 7],
      "to": [8.65, 27.85, 8],
      "rotation": { "angle": 22.5, "axis": "x", "origin": [8, 25.35, 7] },
      "faces": {
        "north": { "uv": [4, 4.5, 4.5, 7], "texture": "#0" },
        "east": { "uv": [4.5, 4.5, 5, 7], "texture": "#0" },
        "south": { "uv": [5, 0, 5.5, 2.5], "texture": "#0" },
        "west": { "uv": [5, 2.5, 5.5, 5], "texture": "#0" },
        "up": { "uv": [15, 3.5, 14.5, 3], "texture": "#0" },
        "down": { "uv": [4, 14.5, 3.5, 15], "texture": "#0" }
      }
    },
    {
      "from": [7.35, 22.95, 8],
      "to": [8.65, 27.95, 9],
      "rotation": { "angle": -22.5, "axis": "x", "origin": [8, 25.35, 9.25] },
      "faces": {
        "north": { "uv": [5, 5, 5.5, 7.5], "texture": "#0" },
        "east": { "uv": [5.5, 0, 6, 2.5], "texture": "#0" },
        "south": { "uv": [5.5, 2.5, 6, 5], "texture": "#0" },
        "west": { "uv": [3, 5.5, 3.5, 8], "texture": "#0" },
        "up": { "uv": [15, 4, 14.5, 3.5], "texture": "#0" },
        "down": { "uv": [4.5, 14.5, 4, 15], "texture": "#0" }
      }
    },
    {
      "from": [7.3, 22.85, 7.5],
      "to": [8.7, 27.85, 8.5],
      "rotation": { "angle": 0, "axis": "y", "origin": [8, 25.35, 8.5] },
      "faces": {
        "north": { "uv": [3.5, 5.5, 4, 8], "texture": "#0" },
        "east": { "uv": [5.5, 5, 6, 7.5], "texture": "#0" },
        "south": { "uv": [6, 0, 6.5, 2.5], "texture": "#0" },
        "west": { "uv": [6, 2.5, 6.5, 5], "texture": "#0" },
        "up": { "uv": [15, 4.5, 14.5, 4], "texture": "#0" },
        "down": { "uv": [5, 14.5, 4.5, 15], "texture": "#0" }
      }
    },
    {
      "from": [7.2, 26, 7],
      "to": [8.8, 28, 9],
      "rotation": { "angle": 45, "axis": "x", "origin": [8, 27, 8] },
      "faces": {
        "north": { "uv": [6, 5, 7, 6], "texture": "#0" },
        "east": { "uv": [6, 6, 7, 7], "texture": "#0" },
        "south": { "uv": [6.5, 0, 7.5, 1], "texture": "#0" },
        "west": { "uv": [6.5, 1, 7.5, 2], "texture": "#0" },
        "up": { "uv": [7.5, 3, 6.5, 2], "texture": "#0" },
        "down": { "uv": [7.5, 3, 6.5, 4], "texture": "#0" }
      }
    },
    {
      "from": [7.25, 8, 6],
      "to": [8.75, 9.3, 8],
      "rotation": { "angle": 22.5, "axis": "x", "origin": [8, 8.5, 7] },
      "faces": {
        "north": { "uv": [2.5, 11.5, 3.5, 12], "texture": "#0" },
        "east": { "uv": [3.5, 11.5, 4.5, 12], "texture": "#0" },
        "south": { "uv": [5.5, 11.5, 6.5, 12], "texture": "#0" },
        "west": { "uv": [6.5, 11.5, 7.5, 12], "texture": "#0" },
        "up": { "uv": [5, 9, 4, 8], "texture": "#0" },
        "down": { "uv": [9, 5, 8, 6], "texture": "#0" }
      }
    },
    {
      "from": [7.25, 8, 8],
      "to": [8.75, 9.3, 10],
      "rotation": { "angle": -22.5, "axis": "x", "origin": [8, 8.65, 9] },
      "faces": {
        "north": { "uv": [7.5, 11.5, 8.5, 12], "texture": "#0" },
        "east": { "uv": [8.5, 11.5, 9.5, 12], "texture": "#0" },
        "south": { "uv": [9.5, 11.5, 10.5, 12], "texture": "#0" },
        "west": { "uv": [10.5, 11.5, 11.5, 12], "texture": "#0" },
        "up": { "uv": [7, 9, 6, 8], "texture": "#0" },
        "down": { "uv": [9, 6, 8, 7], "texture": "#0" }
      }
    },
    {
      "from": [7.5, 8.5, 5.5],
      "to": [8.5, 9.5, 6.5],
      "rotation": { "angle": 45, "axis": "y", "origin": [8, 9, 6] },
      "faces": {
        "north": { "uv": [9, 13.5, 9.5, 14], "texture": "#0" },
        "east": { "uv": [9.5, 13.5, 10, 14], "texture": "#0" },
        "south": { "uv": [10, 13.5, 10.5, 14], "texture": "#0" },
        "west": { "uv": [10.5, 13.5, 11, 14], "texture": "#0" },
        "up": { "uv": [14, 11, 13.5, 10.5], "texture": "#0" },
        "down": { "uv": [11.5, 13.5, 11, 14], "texture": "#0" }
      }
    },
    {
      "from": [7.5, 8.5, 9.5],
      "to": [8.5, 9.5, 10.5],
      "rotation": { "angle": 45, "axis": "y", "origin": [8, 9, 10] },
      "faces": {
        "north": { "uv": [13.5, 11, 14, 11.5], "texture": "#0" },
        "east": { "uv": [11.5, 13.5, 12, 14], "texture": "#0" },
        "south": { "uv": [13.5, 11.5, 14, 12], "texture": "#0" },
        "west": { "uv": [12, 13.5, 12.5, 14], "texture": "#0" },
        "up": { "uv": [14, 12.5, 13.5, 12], "texture": "#0" },
        "down": { "uv": [13, 13.5, 12.5, 14], "texture": "#0" }
      }
    },
    {
      "from": [7, 8, 7],
      "to": [9, 9, 9],
      "rotation": { "angle": 45, "axis": "y", "origin": [8, 8.5, 8] },
      "faces": {
        "north": { "uv": [11.5, 10.5, 12.5, 11], "texture": "#0" },
        "east": { "uv": [11.5, 11, 12.5, 11.5], "texture": "#0" },
        "south": { "uv": [11.5, 11.5, 12.5, 12], "texture": "#0" },
        "west": { "uv": [0, 12, 1, 12.5], "texture": "#0" },
        "up": { "uv": [8, 9, 7, 8], "texture": "#0" },
        "down": { "uv": [9, 7, 8, 8], "texture": "#0" }
      }
    },
    {
      "from": [7.25, 10, 6],
      "to": [8.75, 11.3, 8],
      "rotation": { "angle": 22.5, "axis": "x", "origin": [8, 10.5, 7] },
      "faces": {
        "north": { "uv": [1, 12, 2, 12.5], "texture": "#0" },
        "east": { "uv": [12, 1.5, 13, 2], "texture": "#0" },
        "south": { "uv": [12, 2, 13, 2.5], "texture": "#0" },
        "west": { "uv": [2.5, 12, 3.5, 12.5], "texture": "#0" },
        "up": { "uv": [9, 9, 8, 8], "texture": "#0" },
        "down": { "uv": [9.5, 0, 8.5, 1], "texture": "#0" }
      }
    },
    {
      "from": [7.25, 10, 8],
      "to": [8.75, 11.3, 10],
      "rotation": { "angle": -22.5, "axis": "x", "origin": [8, 10.65, 9] },
      "faces": {
        "north": { "uv": [12, 2.5, 13, 3], "texture": "#0" },
        "east": { "uv": [12, 3, 13, 3.5], "texture": "#0" },
        "south": { "uv": [3.5, 12, 4.5, 12.5], "texture": "#0" },
        "west": { "uv": [12, 3.5, 13, 4], "texture": "#0" },
        "up": { "uv": [9.5, 2, 8.5, 1], "texture": "#0" },
        "down": { "uv": [9.5, 2, 8.5, 3], "texture": "#0" }
      }
    },
    {
      "from": [7.5, 10.5, 5.5],
      "to": [8.5, 11.5, 6.5],
      "rotation": { "angle": 45, "axis": "y", "origin": [8, 11, 6] },
      "faces": {
        "north": { "uv": [13, 13.5, 13.5, 14], "texture": "#0" },
        "east": { "uv": [13.5, 13.5, 14, 14], "texture": "#0" },
        "south": { "uv": [0, 14, 0.5, 14.5], "texture": "#0" },
        "west": { "uv": [14, 0, 14.5, 0.5], "texture": "#0" },
        "up": { "uv": [1, 14.5, 0.5, 14], "texture": "#0" },
        "down": { "uv": [14.5, 0.5, 14, 1], "texture": "#0" }
      }
    },
    {
      "from": [7.5, 10.5, 9.5],
      "to": [8.5, 11.5, 10.5],
      "rotation": { "angle": 45, "axis": "y", "origin": [8, 11, 10] },
      "faces": {
        "north": { "uv": [1, 14, 1.5, 14.5], "texture": "#0" },
        "east": { "uv": [14, 1, 14.5, 1.5], "texture": "#0" },
        "south": { "uv": [1.5, 14, 2, 14.5], "texture": "#0" },
        "west": { "uv": [14, 1.5, 14.5, 2], "texture": "#0" },
        "up": { "uv": [2.5, 14.5, 2, 14], "texture": "#0" },
        "down": { "uv": [14.5, 2, 14, 2.5], "texture": "#0" }
      }
    },
    {
      "from": [7, 10, 7],
      "to": [9, 11, 9],
      "rotation": { "angle": 45, "axis": "y", "origin": [8, 10.5, 8] },
      "faces": {
        "north": { "uv": [12, 4, 13, 4.5], "texture": "#0" },
        "east": { "uv": [4.5, 12, 5.5, 12.5], "texture": "#0" },
        "south": { "uv": [12, 4.5, 13, 5], "texture": "#0" },
        "west": { "uv": [12, 5, 13, 5.5], "texture": "#0" },
        "up": { "uv": [9.5, 4, 8.5, 3], "texture": "#0" },
        "down": { "uv": [9.5, 4, 8.5, 5], "texture": "#0" }
      }
    },
    {
      "from": [7.25, 12, 6],
      "to": [8.75, 13.3, 8],
      "rotation": { "angle": 22.5, "axis": "x", "origin": [8, 12.5, 7] },
      "faces": {
        "north": { "uv": [5.5, 12, 6.5, 12.5], "texture": "#0" },
        "east": { "uv": [12, 5.5, 13, 6], "texture": "#0" },
        "south": { "uv": [12, 6, 13, 6.5], "texture": "#0" },
        "west": { "uv": [6.5, 12, 7.5, 12.5], "texture": "#0" },
        "up": { "uv": [6, 9.5, 5, 8.5], "texture": "#0" },
        "down": { "uv": [1, 9, 0, 10], "texture": "#0" }
      }
    },
    {
      "from": [7.25, 12, 8],
      "to": [8.75, 13.3, 10],
      "rotation": { "angle": -22.5, "axis": "x", "origin": [8, 12.65, 9] },
      "faces": {
        "north": { "uv": [12, 6.5, 13, 7], "texture": "#0" },
        "east": { "uv": [12, 7, 13, 7.5], "texture": "#0" },
        "south": { "uv": [7.5, 12, 8.5, 12.5], "texture": "#0" },
        "west": { "uv": [12, 7.5, 13, 8], "texture": "#0" },
        "up": { "uv": [2, 10, 1, 9], "texture": "#0" },
        "down": { "uv": [3, 9, 2, 10], "texture": "#0" }
      }
    },
    {
      "from": [7.5, 12.5, 5.5],
      "to": [8.5, 13.5, 6.5],
      "rotation": { "angle": 45, "axis": "y", "origin": [8, 13, 6] },
      "faces": {
        "north": { "uv": [2.5, 14, 3, 14.5], "texture": "#0" },
        "east": { "uv": [14, 2.5, 14.5, 3], "texture": "#0" },
        "south": { "uv": [3, 14, 3.5, 14.5], "texture": "#0" },
        "west": { "uv": [14, 3, 14.5, 3.5], "texture": "#0" },
        "up": { "uv": [4, 14.5, 3.5, 14], "texture": "#0" },
        "down": { "uv": [14.5, 3.5, 14, 4], "texture": "#0" }
      }
    },
    {
      "from": [7.5, 12.5, 9.5],
      "to": [8.5, 13.5, 10.5],
      "rotation": { "angle": 45, "axis": "y", "origin": [8, 13, 10] },
      "faces": {
        "north": { "uv": [4, 14, 4.5, 14.5], "texture": "#0" },
        "east": { "uv": [14, 4, 14.5, 4.5], "texture": "#0" },
        "south": { "uv": [4.5, 14, 5, 14.5], "texture": "#0" },
        "west": { "uv": [14, 4.5, 14.5, 5], "texture": "#0" },
        "up": { "uv": [5.5, 14.5, 5, 14], "texture": "#0" },
        "down": { "uv": [14.5, 5, 14, 5.5], "texture": "#0" }
      }
    },
    {
      "from": [7, 12, 7],
      "to": [9, 13, 9],
      "rotation": { "angle": 45, "axis": "y", "origin": [8, 12.5, 8] },
      "faces": {
        "north": { "uv": [12, 8, 13, 8.5], "texture": "#0" },
        "east": { "uv": [8.5, 12, 9.5, 12.5], "texture": "#0" },
        "south": { "uv": [12, 8.5, 13, 9], "texture": "#0" },
        "west": { "uv": [12, 9, 13, 9.5], "texture": "#0" },
        "up": { "uv": [4, 10, 3, 9], "texture": "#0" },
        "down": { "uv": [5, 9, 4, 10], "texture": "#0" }
      }
    },
    {
      "from": [7.25, 14, 6],
      "to": [8.75, 15.3, 8],
      "rotation": { "angle": 22.5, "axis": "x", "origin": [8, 14.5, 7] },
      "faces": {
        "north": { "uv": [9.5, 12, 10.5, 12.5], "texture": "#0" },
        "east": { "uv": [12, 9.5, 13, 10], "texture": "#0" },
        "south": { "uv": [12, 10, 13, 10.5], "texture": "#0" },
        "west": { "uv": [10.5, 12, 11.5, 12.5], "texture": "#0" },
        "up": { "uv": [10, 6, 9, 5], "texture": "#0" },
        "down": { "uv": [7, 9, 6, 10], "texture": "#0" }
      }
    },
    {
      "from": [7.25, 14, 8],
      "to": [8.75, 15.3, 10],
      "rotation": { "angle": -22.5, "axis": "x", "origin": [8, 14.65, 9] },
      "faces": {
        "north": { "uv": [11.5, 12, 12.5, 12.5], "texture": "#0" },
        "east": { "uv": [0, 12.5, 1, 13], "texture": "#0" },
        "south": { "uv": [12.5, 0, 13.5, 0.5], "texture": "#0" },
        "west": { "uv": [12.5, 0.5, 13.5, 1], "texture": "#0" },
        "up": { "uv": [10, 7, 9, 6], "texture": "#0" },
        "down": { "uv": [8, 9, 7, 10], "texture": "#0" }
      }
    },
    {
      "from": [7.5, 14.5, 5.5],
      "to": [8.5, 15.5, 6.5],
      "rotation": { "angle": 45, "axis": "y", "origin": [8, 15, 6] },
      "faces": {
        "north": { "uv": [5.5, 14, 6, 14.5], "texture": "#0" },
        "east": { "uv": [14, 5.5, 14.5, 6], "texture": "#0" },
        "south": { "uv": [6, 14, 6.5, 14.5], "texture": "#0" },
        "west": { "uv": [14, 6, 14.5, 6.5], "texture": "#0" },
        "up": { "uv": [7, 14.5, 6.5, 14], "texture": "#0" },
        "down": { "uv": [14.5, 6.5, 14, 7], "texture": "#0" }
      }
    },
    {
      "from": [7.5, 14.5, 9.5],
      "to": [8.5, 15.5, 10.5],
      "rotation": { "angle": 45, "axis": "y", "origin": [8, 15, 10] },
      "faces": {
        "north": { "uv": [7, 14, 7.5, 14.5], "texture": "#0" },
        "east": { "uv": [14, 7, 14.5, 7.5], "texture": "#0" },
        "south": { "uv": [7.5, 14, 8, 14.5], "texture": "#0" },
        "west": { "uv": [14, 7.5, 14.5, 8], "texture": "#0" },
        "up": { "uv": [8.5, 14.5, 8, 14], "texture": "#0" },
        "down": { "uv": [14.5, 8, 14, 8.5], "texture": "#0" }
      }
    },
    {
      "from": [7, 14, 7],
      "to": [9, 15, 9],
      "rotation": { "angle": 45, "axis": "y", "origin": [8, 14.5, 8] },
      "faces": {
        "north": { "uv": [1, 12.5, 2, 13], "texture": "#0" },
        "east": { "uv": [12.5, 1, 13.5, 1.5], "texture": "#0" },
        "south": { "uv": [2, 12.5, 3, 13], "texture": "#0" },
        "west": { "uv": [3, 12.5, 4, 13], "texture": "#0" },
        "up": { "uv": [10, 8, 9, 7], "texture": "#0" },
        "down": { "uv": [9, 9, 8, 10], "texture": "#0" }
      }
    },
    {
      "from": [7.25, 16, 6],
      "to": [8.75, 17.3, 8],
      "rotation": { "angle": 22.5, "axis": "x", "origin": [8, 16.5, 7] },
      "faces": {
        "north": { "uv": [10, 12.5, 11, 13], "texture": "#0" },
        "east": { "uv": [12.5, 10.5, 13.5, 11], "texture": "#0" },
        "south": { "uv": [11, 12.5, 12, 13], "texture": "#0" },
        "west": { "uv": [12.5, 11, 13.5, 11.5], "texture": "#0" },
        "up": { "uv": [10.5, 3, 9.5, 2], "texture": "#0" },
        "down": { "uv": [10.5, 3, 9.5, 4], "texture": "#0" }
      }
    },
    {
      "from": [7.25, 16, 8],
      "to": [8.75, 17.3, 10],
      "rotation": { "angle": -22.5, "axis": "x", "origin": [8, 16.65, 9] },
      "faces": {
        "north": { "uv": [12.5, 11.5, 13.5, 12], "texture": "#0" },
        "east": { "uv": [12, 12.5, 13, 13], "texture": "#0" },
        "south": { "uv": [12.5, 12, 13.5, 12.5], "texture": "#0" },
        "west": { "uv": [0, 13, 1, 13.5], "texture": "#0" },
        "up": { "uv": [10.5, 5, 9.5, 4], "texture": "#0" },
        "down": { "uv": [6, 9.5, 5, 10.5], "texture": "#0" }
      }
    },
    {
      "from": [7.5, 16.5, 5.5],
      "to": [8.5, 17.5, 6.5],
      "rotation": { "angle": 45, "axis": "y", "origin": [8, 17, 6] },
      "faces": {
        "north": { "uv": [8.5, 14, 9, 14.5], "texture": "#0" },
        "east": { "uv": [14, 8.5, 14.5, 9], "texture": "#0" },
        "south": { "uv": [9, 14, 9.5, 14.5], "texture": "#0" },
        "west": { "uv": [14, 9, 14.5, 9.5], "texture": "#0" },
        "up": { "uv": [10, 14.5, 9.5, 14], "texture": "#0" },
        "down": { "uv": [14.5, 9.5, 14, 10], "texture": "#0" }
      }
    },
    {
      "from": [7.5, 16.5, 9.5],
      "to": [8.5, 17.5, 10.5],
      "rotation": { "angle": 45, "axis": "y", "origin": [8, 17, 10] },
      "faces": {
        "north": { "uv": [10, 14, 10.5, 14.5], "texture": "#0" },
        "east": { "uv": [14, 10, 14.5, 10.5], "texture": "#0" },
        "south": { "uv": [10.5, 14, 11, 14.5], "texture": "#0" },
        "west": { "uv": [14, 10.5, 14.5, 11], "texture": "#0" },
        "up": { "uv": [11.5, 14.5, 11, 14], "texture": "#0" },
        "down": { "uv": [14.5, 11, 14, 11.5], "texture": "#0" }
      }
    },
    {
      "from": [7, 16, 7],
      "to": [9, 17, 9],
      "rotation": { "angle": 45, "axis": "y", "origin": [8, 16.5, 8] },
      "faces": {
        "north": { "uv": [1, 13, 2, 13.5], "texture": "#0" },
        "east": { "uv": [13, 1.5, 14, 2], "texture": "#0" },
        "south": { "uv": [2, 13, 3, 13.5], "texture": "#0" },
        "west": { "uv": [13, 2, 14, 2.5], "texture": "#0" },
        "up": { "uv": [1, 11, 0, 10], "texture": "#0" },
        "down": { "uv": [2, 10, 1, 11], "texture": "#0" }
      }
    },
    {
      "from": [7.25, 18, 6],
      "to": [8.75, 19.3, 8],
      "rotation": { "angle": 22.5, "axis": "x", "origin": [8, 18.5, 7] },
      "faces": {
        "north": { "uv": [13, 2.5, 14, 3], "texture": "#0" },
        "east": { "uv": [3, 13, 4, 13.5], "texture": "#0" },
        "south": { "uv": [13, 3, 14, 3.5], "texture": "#0" },
        "west": { "uv": [13, 3.5, 14, 4], "texture": "#0" },
        "up": { "uv": [3, 11, 2, 10], "texture": "#0" },
        "down": { "uv": [4, 10, 3, 11], "texture": "#0" }
      }
    },
    {
      "from": [7.25, 18, 8],
      "to": [8.75, 19.3, 10],
      "rotation": { "angle": -22.5, "axis": "x", "origin": [8, 18.65, 9] },
      "faces": {
        "north": { "uv": [13, 4, 14, 4.5], "texture": "#0" },
        "east": { "uv": [13, 4.5, 14, 5], "texture": "#0" },
        "south": { "uv": [13, 5, 14, 5.5], "texture": "#0" },
        "west": { "uv": [13, 5.5, 14, 6], "texture": "#0" },
        "up": { "uv": [5, 11, 4, 10], "texture": "#0" },
        "down": { "uv": [11, 5, 10, 6], "texture": "#0" }
      }
    },
    {
      "from": [7.5, 18.5, 5.5],
      "to": [8.5, 19.5, 6.5],
      "rotation": { "angle": 45, "axis": "y", "origin": [8, 19, 6] },
      "faces": {
        "north": { "uv": [11.5, 14, 12, 14.5], "texture": "#0" },
        "east": { "uv": [14, 11.5, 14.5, 12], "texture": "#0" },
        "south": { "uv": [12, 14, 12.5, 14.5], "texture": "#0" },
        "west": { "uv": [14, 12, 14.5, 12.5], "texture": "#0" },
        "up": { "uv": [13, 14.5, 12.5, 14], "texture": "#0" },
        "down": { "uv": [14.5, 12.5, 14, 13], "texture": "#0" }
      }
    },
    {
      "from": [7.5, 18.5, 9.5],
      "to": [8.5, 19.5, 10.5],
      "rotation": { "angle": 45, "axis": "y", "origin": [8, 19, 10] },
      "faces": {
        "north": { "uv": [13, 14, 13.5, 14.5], "texture": "#0" },
        "east": { "uv": [14, 13, 14.5, 13.5], "texture": "#0" },
        "south": { "uv": [13.5, 14, 14, 14.5], "texture": "#0" },
        "west": { "uv": [14, 13.5, 14.5, 14], "texture": "#0" },
        "up": { "uv": [14.5, 14.5, 14, 14], "texture": "#0" },
        "down": { "uv": [0.5, 14.5, 0, 15], "texture": "#0" }
      }
    },
    {
      "from": [7, 18, 7],
      "to": [9, 19, 9],
      "rotation": { "angle": 45, "axis": "y", "origin": [8, 18.5, 8] },
      "faces": {
        "north": { "uv": [6, 13, 7, 13.5], "texture": "#0" },
        "east": { "uv": [13, 6, 14, 6.5], "texture": "#0" },
        "south": { "uv": [13, 6.5, 14, 7], "texture": "#0" },
        "west": { "uv": [7, 13, 8, 13.5], "texture": "#0" },
        "up": { "uv": [7, 11, 6, 10], "texture": "#0" },
        "down": { "uv": [11, 6, 10, 7], "texture": "#0" }
      }
    },
    {
      "from": [7.25, 20, 6],
      "to": [8.75, 21.3, 8],
      "rotation": { "angle": 22.5, "axis": "x", "origin": [8, 20.5, 7] },
      "faces": {
        "north": { "uv": [13, 7, 14, 7.5], "texture": "#0" },
        "east": { "uv": [13, 7.5, 14, 8], "texture": "#0" },
        "south": { "uv": [8, 13, 9, 13.5], "texture": "#0" },
        "west": { "uv": [13, 8, 14, 8.5], "texture": "#0" },
        "up": { "uv": [8, 11, 7, 10], "texture": "#0" },
        "down": { "uv": [11, 7, 10, 8], "texture": "#0" }
      }
    },
    {
      "from": [7.25, 20, 8],
      "to": [8.75, 21.3, 10],
      "rotation": { "angle": -22.5, "axis": "x", "origin": [8, 20.65, 9] },
      "faces": {
        "north": { "uv": [13, 8.5, 14, 9], "texture": "#0" },
        "east": { "uv": [9, 13, 10, 13.5], "texture": "#0" },
        "south": { "uv": [13, 9, 14, 9.5], "texture": "#0" },
        "west": { "uv": [13, 9.5, 14, 10], "texture": "#0" },
        "up": { "uv": [9, 11, 8, 10], "texture": "#0" },
        "down": { "uv": [11, 8, 10, 9], "texture": "#0" }
      }
    },
    {
      "from": [7.5, 20.5, 5.5],
      "to": [8.5, 21.5, 6.5],
      "rotation": { "angle": 45, "axis": "y", "origin": [8, 21, 6] },
      "faces": {
        "north": { "uv": [14.5, 0, 15, 0.5], "texture": "#0" },
        "east": { "uv": [0.5, 14.5, 1, 15], "texture": "#0" },
        "south": { "uv": [14.5, 0.5, 15, 1], "texture": "#0" },
        "west": { "uv": [1, 14.5, 1.5, 15], "texture": "#0" },
        "up": { "uv": [15, 1.5, 14.5, 1], "texture": "#0" },
        "down": { "uv": [2, 14.5, 1.5, 15], "texture": "#0" }
      }
    },
    {
      "from": [7.5, 20.5, 9.5],
      "to": [8.5, 21.5, 10.5],
      "rotation": { "angle": 45, "axis": "y", "origin": [8, 21, 10] },
      "faces": {
        "north": { "uv": [14.5, 1.5, 15, 2], "texture": "#0" },
        "east": { "uv": [2, 14.5, 2.5, 15], "texture": "#0" },
        "south": { "uv": [14.5, 2, 15, 2.5], "texture": "#0" },
        "west": { "uv": [2.5, 14.5, 3, 15], "texture": "#0" },
        "up": { "uv": [15, 3, 14.5, 2.5], "texture": "#0" },
        "down": { "uv": [3.5, 14.5, 3, 15], "texture": "#0" }
      }
    },
    {
      "from": [7, 20, 7],
      "to": [9, 21, 9],
      "rotation": { "angle": 45, "axis": "y", "origin": [8, 20.5, 8] },
      "faces": {
        "north": { "uv": [10, 13, 11, 13.5], "texture": "#0" },
        "east": { "uv": [13, 10, 14, 10.5], "texture": "#0" },
        "south": { "uv": [11, 13, 12, 13.5], "texture": "#0" },
        "west": { "uv": [12, 13, 13, 13.5], "texture": "#0" },
        "up": { "uv": [10, 11, 9, 10], "texture": "#0" },
        "down": { "uv": [11, 9, 10, 10], "texture": "#0" }
      }
    }
  ],
  "display": {
    "thirdperson_righthand": {
      "translation": [0, 5.75, 0.25],
      "scale": [1.3, 1.5, 1.5]
    },
    "thirdperson_lefthand": {
      "rotation": [-180, 0, 0],
      "translation": [0, -2.75, 0.5]
    },
    "firstperson_righthand": {
      "rotation": [-13, 0, 0],
      "translation": [1.75, -3.5, 0.25]
    },
    "firstperson_lefthand": {
      "rotation": [140, 0, 0],
      "translation": [0, 1.5, 3.25]
    },
    "ground": {
      "rotation": [113, 0, 0],
      "translation": [0, 4.75, 0]
    },
    "gui": {
      "rotation": [-90, 134, 90],
      "translation": [-3.25, -3.25, 0],
      "scale": [0.8, 0.8, 0.8]
    },
    "head": {
      "rotation": [-90, 90, 0],
      "translation": [0, 7.25, 0]
    },
    "fixed": {
      "rotation": [59, 0, 0],
      "translation": [0, -31, -51],
      "scale": [4, 4, 4]
    }
  },
  "groups": [
    {
      "name": "hold",
      "origin": [8, 8, 8],
      "color": 0,
      "children": [0, 1, 2, 3, 4, 5, 6, 7, 8, 9, 10, 11, 12]
    },
    {
      "name": "blade_main",
      "origin": [0, 0, 0],
      "color": 0,
      "children": [13, 14, 15, 16, 17, 18, 19, 20]
    },
    {
      "name": "blade_one",
      "origin": [8, 8, 8],
      "color": 0,
      "children": [21, 22, 23, 24, 25]
    },
    {
      "name": "blade_one",
      "origin": [8, 8, 8],
      "color": 0,
      "children": [26, 27, 28, 29, 30]
    },
    {
      "name": "blade_one",
      "origin": [8, 8, 8],
      "color": 0,
      "children": [31, 32, 33, 34, 35]
    },
    {
      "name": "blade_one",
      "origin": [8, 8, 8],
      "color": 0,
      "children": [36, 37, 38, 39, 40]
    },
    {
      "name": "blade_one",
      "origin": [8, 8, 8],
      "color": 0,
      "children": [41, 42, 43, 44, 45]
    },
    {
      "name": "blade_one",
      "origin": [8, 8, 8],
      "color": 0,
      "children": [46, 47, 48, 49, 50]
    },
    {
      "name": "blade_one",
      "origin": [8, 8, 8],
      "color": 0,
      "children": [51, 52, 53, 54, 55]
    }
  ]
}
