{
  "credit": "Made with Blockbench",
  "texture_size": [32, 32],
  "textures": {
    "0": "minecraft:item/4202_nyalice_nightbreaker"
  },
  "elements": [
    {
      "from": [6, 1, 7],
      "to": [10, 3, 9],
      "faces": {
        "north": { "uv": [3, 0, 5, 1], "texture": "#0" },
        "east": { "uv": [6, 2.5, 7, 3.5], "texture": "#0" },
        "south": { "uv": [1, 3, 3, 4], "texture": "#0" },
        "west": { "uv": [3, 6, 4, 7], "texture": "#0" },
        "up": { "uv": [5, 2, 3, 1], "texture": "#0" },
        "down": { "uv": [5, 2, 3, 3], "texture": "#0" }
      }
    },
    {
      "from": [10, 1.25, 7.25],
      "to": [11, 2.75, 8.75],
      "faces": {
        "north": { "uv": [8, 8, 8.5, 8.75], "texture": "#0" },
        "east": { "uv": [6.5, 5, 7.25, 5.75], "texture": "#0" },
        "south": { "uv": [0, 8.5, 0.5, 9.25], "texture": "#0" },
        "west": { "uv": [6, 6.5, 6.75, 7.25], "texture": "#0" },
        "up": { "uv": [9, 3.75, 8.5, 3], "texture": "#0" },
        "down": { "uv": [9, 4, 8.5, 4.75], "texture": "#0" }
      }
    },
    {
      "from": [10.25, 1.25, 7.2],
      "to": [11.75, 2.75, 8.8],
      "rotation": { "angle": 45, "axis": "z", "origin": [11, 2, 8] },
      "faces": {
        "north": { "uv": [7, 2.5, 7.75, 3.25], "texture": "#0" },
        "east": { "uv": [3, 7, 3.75, 7.75], "texture": "#0" },
        "south": { "uv": [7, 6, 7.75, 6.75], "texture": "#0" },
        "west": { "uv": [7, 7, 7.75, 7.75], "texture": "#0" },
        "up": { "uv": [5.75, 8.25, 5, 7.5], "texture": "#0" },
        "down": { "uv": [8.25, 5, 7.5, 5.75], "texture": "#0" }
      }
    },
    {
      "from": [11.3, 2.25, 7.35],
      "to": [12.3, 3.25, 8.65],
      "rotation": { "angle": 45, "axis": "z", "origin": [11.8, 2.75, 8] },
      "faces": {
        "north": { "uv": [9.5, 3, 10, 3.5], "texture": "#0" },
        "east": { "uv": [4, 9, 4.75, 9.5], "texture": "#0" },
        "south": { "uv": [4.5, 9.5, 5, 10], "texture": "#0" },
        "west": { "uv": [9, 4, 9.75, 4.5], "texture": "#0" },
        "up": { "uv": [9.5, 5.25, 9, 4.5], "texture": "#0" },
        "down": { "uv": [7.5, 9, 7, 9.75], "texture": "#0" }
      }
    },
    {
      "from": [10.25, 2.5, 7.5],
      "to": [11.25, 8.5, 8.5],
      "rotation": { "angle": 0, "axis": "z", "origin": [10.75, 5.5, 8] },
      "faces": {
        "north": { "uv": [3, 3, 3.5, 6], "texture": "#0" },
        "east": { "uv": [3.5, 3, 4, 6], "texture": "#0" },
        "south": { "uv": [1, 4, 1.5, 7], "texture": "#0" },
        "west": { "uv": [1.5, 4, 2, 7], "texture": "#0" },
        "up": { "uv": [10, 5.5, 9.5, 5], "texture": "#0" },
        "down": { "uv": [6, 9.5, 5.5, 10], "texture": "#0" }
      }
    },
    {
      "from": [10.2, 3.675, 7.45],
      "to": [12.6, 3.775, 8.55],
      "rotation": { "angle": 0, "axis": "z", "origin": [10.75, 5.5, 8] },
      "faces": {
        "north": { "uv": [9.5, 0, 10.75, 0.25], "texture": "#0" },
        "east": { "uv": [10, 9, 10.5, 9.25], "texture": "#0" },
        "south": { "uv": [9.5, 0.5, 10.75, 0.75], "texture": "#0" },
        "west": { "uv": [9.5, 10, 10, 10.25], "texture": "#0" },
        "up": { "uv": [7.75, 1.5, 6.5, 1], "texture": "#0" },
        "down": { "uv": [7.75, 1.5, 6.5, 2], "texture": "#0" }
      }
    },
    {
      "from": [10.2, 6.075, 7.45],
      "to": [12.5, 6.175, 8.55],
      "rotation": { "angle": 0, "axis": "z", "origin": [10.75, 5.5, 8] },
      "faces": {
        "north": { "uv": [9.5, 2.5, 10.75, 2.75], "texture": "#0" },
        "east": { "uv": [1.5, 11, 2, 11.25], "texture": "#0" },
        "south": { "uv": [3, 9.5, 4.25, 9.75], "texture": "#0" },
        "west": { "uv": [11, 1.5, 11.5, 1.75], "texture": "#0" },
        "up": { "uv": [7.75, 4.5, 6.5, 4], "texture": "#0" },
        "down": { "uv": [7.75, 4.5, 6.5, 5], "texture": "#0" }
      }
    },
    {
      "from": [3.5, 6.075, 7.45],
      "to": [5.8, 6.175, 8.55],
      "rotation": { "angle": 0, "axis": "z", "origin": [10.75, 5.5, 8] },
      "faces": {
        "north": { "uv": [9, 7.5, 10.25, 7.75], "texture": "#0" },
        "east": { "uv": [10, 6, 10.5, 6.25], "texture": "#0" },
        "south": { "uv": [8.5, 9, 9.75, 9.25], "texture": "#0" },
        "west": { "uv": [6.5, 10, 7, 10.25], "texture": "#0" },
        "up": { "uv": [7.75, 0.5, 6.5, 0], "texture": "#0" },
        "down": { "uv": [7.75, 0.5, 6.5, 1], "texture": "#0" }
      }
    },
    {
      "from": [3.4, 3.675, 7.45],
      "to": [5.8, 3.775, 8.55],
      "rotation": { "angle": 0, "axis": "z", "origin": [10.75, 5.5, 8] },
      "faces": {
        "north": { "uv": [9.5, 1.5, 10.75, 1.75], "texture": "#0" },
        "east": { "uv": [1, 11, 1.5, 11.25], "texture": "#0" },
        "south": { "uv": [9.5, 2, 10.75, 2.25], "texture": "#0" },
        "west": { "uv": [11, 1, 11.5, 1.25], "texture": "#0" },
        "up": { "uv": [7.75, 2.5, 6.5, 2], "texture": "#0" },
        "down": { "uv": [7.75, 3.5, 6.5, 4], "texture": "#0" }
      }
    },
    {
      "from": [11, 2.5, 7.55],
      "to": [12, 4.5, 8.45],
      "rotation": { "angle": 0, "axis": "z", "origin": [10.75, 5.5, 8] },
      "faces": {
        "north": { "uv": [8, 6, 8.5, 7], "texture": "#0" },
        "east": { "uv": [7, 8, 7.5, 9], "texture": "#0" },
        "south": { "uv": [8, 7, 8.5, 8], "texture": "#0" },
        "west": { "uv": [7.5, 8, 8, 9], "texture": "#0" },
        "up": { "uv": [3, 10.5, 2.5, 10], "texture": "#0" },
        "down": { "uv": [3.5, 10, 3, 10.5], "texture": "#0" }
      }
    },
    {
      "from": [4, 2.5, 7.55],
      "to": [5, 4.5, 8.45],
      "rotation": { "angle": 0, "axis": "z", "origin": [10.75, 5.5, 8] },
      "faces": {
        "north": { "uv": [3, 8, 3.5, 9], "texture": "#0" },
        "east": { "uv": [8, 3, 8.5, 4], "texture": "#0" },
        "south": { "uv": [3.5, 8, 4, 9], "texture": "#0" },
        "west": { "uv": [8, 4, 8.5, 5], "texture": "#0" },
        "up": { "uv": [10.5, 1.5, 10, 1], "texture": "#0" },
        "down": { "uv": [2.5, 10, 2, 10.5], "texture": "#0" }
      }
    },
    {
      "from": [10.25, 3.5, 7.75],
      "to": [12.25, 9.5, 8.25],
      "rotation": { "angle": 22.5, "axis": "z", "origin": [11.25, 6.5, 8] },
      "faces": {
        "north": { "uv": [0, 0, 1, 3], "texture": "#0" },
        "east": { "uv": [0.5, 6, 0.75, 9], "texture": "#0" },
        "south": { "uv": [1, 0, 2, 3], "texture": "#0" },
        "west": { "uv": [6, 3.5, 6.25, 6.5], "texture": "#0" },
        "up": { "uv": [10.5, 8.75, 9.5, 8.5], "texture": "#0" },
        "down": { "uv": [10, 9.5, 9, 9.75], "texture": "#0" }
      }
    },
    {
      "from": [3.75, 3.5, 7.75],
      "to": [5.75, 9.5, 8.25],
      "rotation": { "angle": -22.5, "axis": "z", "origin": [4.75, 6.5, 8] },
      "faces": {
        "north": { "uv": [2, 0, 3, 3], "texture": "#0" },
        "east": { "uv": [4, 6, 4.25, 9], "texture": "#0" },
        "south": { "uv": [0, 3, 1, 6], "texture": "#0" },
        "west": { "uv": [4.5, 6, 4.75, 9], "texture": "#0" },
        "up": { "uv": [1, 10.25, 0, 10], "texture": "#0" },
        "down": { "uv": [2, 10, 1, 10.25], "texture": "#0" }
      }
    },
    {
      "from": [10.75, 2.5, 7.6],
      "to": [11.75, 7.5, 8.4],
      "rotation": { "angle": 22.5, "axis": "z", "origin": [11.25, 5.5, 8] },
      "faces": {
        "north": { "uv": [5, 0, 5.5, 2.5], "texture": "#0" },
        "east": { "uv": [5, 2.5, 5.5, 5], "texture": "#0" },
        "south": { "uv": [5, 5, 5.5, 7.5], "texture": "#0" },
        "west": { "uv": [5.5, 0, 6, 2.5], "texture": "#0" },
        "up": { "uv": [7, 10, 6.5, 9.5], "texture": "#0" },
        "down": { "uv": [10, 6.5, 9.5, 7], "texture": "#0" }
      }
    },
    {
      "from": [4.25, 2.5, 7.6],
      "to": [5.25, 7.5, 8.4],
      "rotation": { "angle": -22.5, "axis": "z", "origin": [4.675, 5.5, 8] },
      "faces": {
        "north": { "uv": [5.5, 2.5, 6, 5], "texture": "#0" },
        "east": { "uv": [5.5, 5, 6, 7.5], "texture": "#0" },
        "south": { "uv": [0, 6, 0.5, 8.5], "texture": "#0" },
        "west": { "uv": [6, 0, 6.5, 2.5], "texture": "#0" },
        "up": { "uv": [10, 8.5, 9.5, 8], "texture": "#0" },
        "down": { "uv": [9, 9.5, 8.5, 10], "texture": "#0" }
      }
    },
    {
      "from": [4.75, 2.5, 7.5],
      "to": [5.75, 8.5, 8.5],
      "rotation": { "angle": 0, "axis": "z", "origin": [10.75, 5.5, 8] },
      "faces": {
        "north": { "uv": [2, 4, 2.5, 7], "texture": "#0" },
        "east": { "uv": [2.5, 4, 3, 7], "texture": "#0" },
        "south": { "uv": [4, 3, 4.5, 6], "texture": "#0" },
        "west": { "uv": [4.5, 3, 5, 6], "texture": "#0" },
        "up": { "uv": [6.5, 10, 6, 9.5], "texture": "#0" },
        "down": { "uv": [10, 6, 9.5, 6.5], "texture": "#0" }
      }
    },
    {
      "from": [3.8, 2.25, 7.35],
      "to": [4.8, 3.25, 8.65],
      "rotation": { "angle": 45, "axis": "z", "origin": [4.3, 2.75, 8] },
      "faces": {
        "north": { "uv": [9.5, 4.5, 10, 5], "texture": "#0" },
        "east": { "uv": [9, 5.5, 9.75, 6], "texture": "#0" },
        "south": { "uv": [5, 9.5, 5.5, 10], "texture": "#0" },
        "west": { "uv": [9, 7, 9.75, 7.5], "texture": "#0" },
        "up": { "uv": [8, 9.75, 7.5, 9], "texture": "#0" },
        "down": { "uv": [8.5, 9, 8, 9.75], "texture": "#0" }
      }
    },
    {
      "from": [11.25, 0.75, 7.3],
      "to": [12.25, 1.75, 8.7],
      "rotation": { "angle": 45, "axis": "z", "origin": [11.75, 1.25, 8] },
      "faces": {
        "north": { "uv": [6.5, 6, 7, 6.5], "texture": "#0" },
        "east": { "uv": [8.5, 6, 9.25, 6.5], "texture": "#0" },
        "south": { "uv": [0, 9.5, 0.5, 10], "texture": "#0" },
        "west": { "uv": [8.5, 6.5, 9.25, 7], "texture": "#0" },
        "up": { "uv": [7, 9.25, 6.5, 8.5], "texture": "#0" },
        "down": { "uv": [9, 7, 8.5, 7.75], "texture": "#0" }
      }
    },
    {
      "from": [3.75, 0.75, 7.3],
      "to": [4.75, 1.75, 8.7],
      "rotation": { "angle": 45, "axis": "z", "origin": [4.25, 1.25, 8] },
      "faces": {
        "north": { "uv": [1, 9.5, 1.5, 10], "texture": "#0" },
        "east": { "uv": [8.5, 8, 9.25, 8.5], "texture": "#0" },
        "south": { "uv": [1.5, 9.5, 2, 10], "texture": "#0" },
        "west": { "uv": [8.5, 8.5, 9.25, 9], "texture": "#0" },
        "up": { "uv": [9.5, 0.75, 9, 0], "texture": "#0" },
        "down": { "uv": [1, 9, 0.5, 9.75], "texture": "#0" }
      }
    },
    {
      "from": [4.425, 0.9, 7.25],
      "to": [4.525, 2, 8.75],
      "rotation": { "angle": 45, "axis": "z", "origin": [4.475, 1.45, 8] },
      "faces": {
        "north": { "uv": [10, 6.5, 10.25, 7], "texture": "#0" },
        "east": { "uv": [1, 9, 1.75, 9.5], "texture": "#0" },
        "south": { "uv": [7, 10, 7.25, 10.5], "texture": "#0" },
        "west": { "uv": [9, 1, 9.75, 1.5], "texture": "#0" },
        "up": { "uv": [10.25, 3.75, 10, 3], "texture": "#0" },
        "down": { "uv": [3.75, 10, 3.5, 10.75], "texture": "#0" }
      }
    },
    {
      "from": [4.175, 0.9, 7.25],
      "to": [4.275, 2, 8.75],
      "rotation": { "angle": 45, "axis": "z", "origin": [4.475, 1.45, 8] },
      "faces": {
        "north": { "uv": [8.5, 10, 8.75, 10.5], "texture": "#0" },
        "east": { "uv": [3, 9, 3.75, 9.5], "texture": "#0" },
        "south": { "uv": [9, 10, 9.25, 10.5], "texture": "#0" },
        "west": { "uv": [9, 3.5, 9.75, 4], "texture": "#0" },
        "up": { "uv": [10.25, 5.75, 10, 5], "texture": "#0" },
        "down": { "uv": [6.25, 10, 6, 10.75], "texture": "#0" }
      }
    },
    {
      "from": [11, 1.4, 7.25],
      "to": [12.1, 1.5, 8.75],
      "rotation": { "angle": 45, "axis": "z", "origin": [11.55, 1.45, 8] },
      "faces": {
        "north": { "uv": [10, 7, 10.5, 7.25], "texture": "#0" },
        "east": { "uv": [4, 10, 4.75, 10.25], "texture": "#0" },
        "south": { "uv": [7.5, 10, 8, 10.25], "texture": "#0" },
        "west": { "uv": [10, 4, 10.75, 4.25], "texture": "#0" },
        "up": { "uv": [9.5, 2.25, 9, 1.5], "texture": "#0" },
        "down": { "uv": [2.5, 9, 2, 9.75], "texture": "#0" }
      }
    },
    {
      "from": [11, 1.15, 7.25],
      "to": [12.1, 1.25, 8.75],
      "rotation": { "angle": 45, "axis": "z", "origin": [11.55, 1.45, 8] },
      "faces": {
        "north": { "uv": [8, 10, 8.5, 10.25], "texture": "#0" },
        "east": { "uv": [10, 4.5, 10.75, 4.75], "texture": "#0" },
        "south": { "uv": [10, 8, 10.5, 8.25], "texture": "#0" },
        "west": { "uv": [5, 10, 5.75, 10.25], "texture": "#0" },
        "up": { "uv": [3, 9.75, 2.5, 9], "texture": "#0" },
        "down": { "uv": [9.5, 2.5, 9, 3.25], "texture": "#0" }
      }
    },
    {
      "from": [4.25, 1.25, 7.2],
      "to": [5.75, 2.75, 8.8],
      "rotation": { "angle": 45, "axis": "z", "origin": [5, 2, 8] },
      "faces": {
        "north": { "uv": [6, 7.5, 6.75, 8.25], "texture": "#0" },
        "east": { "uv": [8, 0, 8.75, 0.75], "texture": "#0" },
        "south": { "uv": [1, 8, 1.75, 8.75], "texture": "#0" },
        "west": { "uv": [8, 1, 8.75, 1.75], "texture": "#0" },
        "up": { "uv": [2.75, 8.75, 2, 8], "texture": "#0" },
        "down": { "uv": [8.75, 2, 8, 2.75], "texture": "#0" }
      }
    },
    {
      "from": [5, 1.25, 7.25],
      "to": [6, 2.75, 8.75],
      "faces": {
        "north": { "uv": [5, 8.5, 5.5, 9.25], "texture": "#0" },
        "east": { "uv": [1, 7, 1.75, 7.75], "texture": "#0" },
        "south": { "uv": [8.5, 5, 9, 5.75], "texture": "#0" },
        "west": { "uv": [2, 7, 2.75, 7.75], "texture": "#0" },
        "up": { "uv": [6, 9.25, 5.5, 8.5], "texture": "#0" },
        "down": { "uv": [6.5, 8.5, 6, 9.25], "texture": "#0" }
      }
    },
    {
      "from": [9.75, 5.5, 7.75],
      "to": [10.55, 5.9, 8.25],
      "rotation": { "angle": 0, "axis": "z", "origin": [10.15, 5.7, 8] },
      "faces": {
        "north": { "uv": [10, 9.5, 10.5, 9.75], "texture": "#0" },
        "east": { "uv": [2, 11, 2.25, 11.25], "texture": "#0" },
        "south": { "uv": [10, 10, 10.5, 10.25], "texture": "#0" },
        "west": { "uv": [11, 2, 11.25, 2.25], "texture": "#0" },
        "up": { "uv": [0.5, 10.75, 0, 10.5], "texture": "#0" },
        "down": { "uv": [1, 10.5, 0.5, 10.75], "texture": "#0" }
      }
    },
    {
      "from": [9.55, 5.525, 7.825],
      "to": [9.9, 5.875, 8.175],
      "rotation": { "angle": 45, "axis": "y", "origin": [9.725, 5.7, 8] },
      "faces": {
        "north": { "uv": [2.5, 11, 2.75, 11.25], "texture": "#0" },
        "east": { "uv": [11, 2.5, 11.25, 2.75], "texture": "#0" },
        "south": { "uv": [3, 11, 3.25, 11.25], "texture": "#0" },
        "west": { "uv": [11, 3, 11.25, 3.25], "texture": "#0" },
        "up": { "uv": [3.75, 11.25, 3.5, 11], "texture": "#0" },
        "down": { "uv": [11.25, 3.5, 11, 3.75], "texture": "#0" }
      }
    },
    {
      "from": [9.75, 5, 7.75],
      "to": [10.55, 5.4, 8.25],
      "rotation": { "angle": 0, "axis": "z", "origin": [10.15, 5.2, 8] },
      "faces": {
        "north": { "uv": [1, 10.5, 1.5, 10.75], "texture": "#0" },
        "east": { "uv": [4, 11, 4.25, 11.25], "texture": "#0" },
        "south": { "uv": [10.5, 1, 11, 1.25], "texture": "#0" },
        "west": { "uv": [11, 4, 11.25, 4.25], "texture": "#0" },
        "up": { "uv": [2, 10.75, 1.5, 10.5], "texture": "#0" },
        "down": { "uv": [2.5, 10.5, 2, 10.75], "texture": "#0" }
      }
    },
    {
      "from": [9.55, 5.025, 7.825],
      "to": [9.9, 5.375, 8.175],
      "rotation": { "angle": 45, "axis": "y", "origin": [9.725, 5.2, 8] },
      "faces": {
        "north": { "uv": [4.5, 11, 4.75, 11.25], "texture": "#0" },
        "east": { "uv": [11, 4.5, 11.25, 4.75], "texture": "#0" },
        "south": { "uv": [5, 11, 5.25, 11.25], "texture": "#0" },
        "west": { "uv": [11, 5, 11.25, 5.25], "texture": "#0" },
        "up": { "uv": [5.75, 11.25, 5.5, 11], "texture": "#0" },
        "down": { "uv": [11.25, 5.5, 11, 5.75], "texture": "#0" }
      }
    },
    {
      "from": [9.75, 4.5, 7.75],
      "to": [10.55, 4.9, 8.25],
      "rotation": { "angle": 0, "axis": "z", "origin": [10.15, 4.7, 8] },
      "faces": {
        "north": { "uv": [2.5, 10.5, 3, 10.75], "texture": "#0" },
        "east": { "uv": [6, 11, 6.25, 11.25], "texture": "#0" },
        "south": { "uv": [3, 10.5, 3.5, 10.75], "texture": "#0" },
        "west": { "uv": [11, 6, 11.25, 6.25], "texture": "#0" },
        "up": { "uv": [11, 3.25, 10.5, 3], "texture": "#0" },
        "down": { "uv": [11, 3.5, 10.5, 3.75], "texture": "#0" }
      }
    },
    {
      "from": [9.55, 4.525, 7.825],
      "to": [9.9, 4.875, 8.175],
      "rotation": { "angle": 45, "axis": "y", "origin": [9.725, 4.7, 8] },
      "faces": {
        "north": { "uv": [6.5, 11, 6.75, 11.25], "texture": "#0" },
        "east": { "uv": [11, 6.5, 11.25, 6.75], "texture": "#0" },
        "south": { "uv": [7, 11, 7.25, 11.25], "texture": "#0" },
        "west": { "uv": [11, 7, 11.25, 7.25], "texture": "#0" },
        "up": { "uv": [7.75, 11.25, 7.5, 11], "texture": "#0" },
        "down": { "uv": [11.25, 7.5, 11, 7.75], "texture": "#0" }
      }
    },
    {
      "from": [9.75, 4, 7.75],
      "to": [10.55, 4.4, 8.25],
      "rotation": { "angle": 0, "axis": "z", "origin": [10.15, 4.2, 8] },
      "faces": {
        "north": { "uv": [4, 10.5, 4.5, 10.75], "texture": "#0" },
        "east": { "uv": [8, 11, 8.25, 11.25], "texture": "#0" },
        "south": { "uv": [4.5, 10.5, 5, 10.75], "texture": "#0" },
        "west": { "uv": [11, 8, 11.25, 8.25], "texture": "#0" },
        "up": { "uv": [5.5, 10.75, 5, 10.5], "texture": "#0" },
        "down": { "uv": [11, 5, 10.5, 5.25], "texture": "#0" }
      }
    },
    {
      "from": [9.55, 4.025, 7.825],
      "to": [9.9, 4.375, 8.175],
      "rotation": { "angle": 45, "axis": "y", "origin": [9.725, 4.2, 8] },
      "faces": {
        "north": { "uv": [8.5, 11, 8.75, 11.25], "texture": "#0" },
        "east": { "uv": [11, 8.5, 11.25, 8.75], "texture": "#0" },
        "south": { "uv": [9, 11, 9.25, 11.25], "texture": "#0" },
        "west": { "uv": [11, 9, 11.25, 9.25], "texture": "#0" },
        "up": { "uv": [9.75, 11.25, 9.5, 11], "texture": "#0" },
        "down": { "uv": [11.25, 9.5, 11, 9.75], "texture": "#0" }
      }
    },
    {
      "from": [9.525, 6.775, 7.7],
      "to": [10.325, 7.175, 8.3],
      "rotation": { "angle": 22.5, "axis": "z", "origin": [9.8875, 6.975, 8] },
      "faces": {
        "north": { "uv": [5.5, 10.5, 6, 10.75], "texture": "#0" },
        "east": { "uv": [10, 11, 10.25, 11.25], "texture": "#0" },
        "south": { "uv": [10.5, 5.5, 11, 5.75], "texture": "#0" },
        "west": { "uv": [11, 10, 11.25, 10.25], "texture": "#0" },
        "up": { "uv": [11, 6.25, 10.5, 6], "texture": "#0" },
        "down": { "uv": [7, 10.5, 6.5, 10.75], "texture": "#0" }
      }
    },
    {
      "from": [9.38724, 6.8, 7.82474],
      "to": [9.73724, 7.15, 8.17474],
      "rotation": { "angle": 22.5, "axis": "z", "origin": [9.8875, 6.975, 8] },
      "faces": {
        "north": { "uv": [10.5, 11, 10.75, 11.25], "texture": "#0" },
        "east": { "uv": [11, 10.5, 11.25, 10.75], "texture": "#0" },
        "south": { "uv": [11, 11, 11.25, 11.25], "texture": "#0" },
        "west": { "uv": [0, 11.5, 0.25, 11.75], "texture": "#0" },
        "up": { "uv": [11.75, 0.25, 11.5, 0], "texture": "#0" },
        "down": { "uv": [0.75, 11.5, 0.5, 11.75], "texture": "#0" }
      }
    },
    {
      "from": [5.45, 5.5, 7.75],
      "to": [6.25, 5.9, 8.25],
      "rotation": { "angle": 0, "axis": "y", "origin": [6.0625, 5.7, 8] },
      "faces": {
        "north": { "uv": [10.5, 6.5, 11, 6.75], "texture": "#0" },
        "east": { "uv": [11.5, 0.5, 11.75, 0.75], "texture": "#0" },
        "south": { "uv": [7, 10.5, 7.5, 10.75], "texture": "#0" },
        "west": { "uv": [1, 11.5, 1.25, 11.75], "texture": "#0" },
        "up": { "uv": [11, 7.25, 10.5, 7], "texture": "#0" },
        "down": { "uv": [8, 10.5, 7.5, 10.75], "texture": "#0" }
      }
    },
    {
      "from": [6.03776, 5.525, 7.97526],
      "to": [6.38776, 5.875, 8.32526],
      "rotation": { "angle": 45, "axis": "y", "origin": [6.0625, 5.7, 8] },
      "faces": {
        "north": { "uv": [11.5, 1, 11.75, 1.25], "texture": "#0" },
        "east": { "uv": [1.5, 11.5, 1.75, 11.75], "texture": "#0" },
        "south": { "uv": [11.5, 1.5, 11.75, 1.75], "texture": "#0" },
        "west": { "uv": [2, 11.5, 2.25, 11.75], "texture": "#0" },
        "up": { "uv": [11.75, 2.25, 11.5, 2], "texture": "#0" },
        "down": { "uv": [2.75, 11.5, 2.5, 11.75], "texture": "#0" }
      }
    },
    {
      "from": [5.45, 5, 7.75],
      "to": [6.25, 5.4, 8.25],
      "rotation": { "angle": 0, "axis": "y", "origin": [6.0625, 5.2, 8] },
      "faces": {
        "north": { "uv": [10.5, 7.5, 11, 7.75], "texture": "#0" },
        "east": { "uv": [11.5, 2.5, 11.75, 2.75], "texture": "#0" },
        "south": { "uv": [8, 10.5, 8.5, 10.75], "texture": "#0" },
        "west": { "uv": [3, 11.5, 3.25, 11.75], "texture": "#0" },
        "up": { "uv": [11, 8.25, 10.5, 8], "texture": "#0" },
        "down": { "uv": [9, 10.5, 8.5, 10.75], "texture": "#0" }
      }
    },
    {
      "from": [6.03776, 5.025, 7.97526],
      "to": [6.38776, 5.375, 8.32526],
      "rotation": { "angle": 45, "axis": "y", "origin": [6.0625, 5.2, 8] },
      "faces": {
        "north": { "uv": [11.5, 3, 11.75, 3.25], "texture": "#0" },
        "east": { "uv": [3.5, 11.5, 3.75, 11.75], "texture": "#0" },
        "south": { "uv": [11.5, 3.5, 11.75, 3.75], "texture": "#0" },
        "west": { "uv": [4, 11.5, 4.25, 11.75], "texture": "#0" },
        "up": { "uv": [11.75, 4.25, 11.5, 4], "texture": "#0" },
        "down": { "uv": [4.75, 11.5, 4.5, 11.75], "texture": "#0" }
      }
    },
    {
      "from": [5.45, 4.5, 7.75],
      "to": [6.25, 4.9, 8.25],
      "rotation": { "angle": 0, "axis": "y", "origin": [6.0625, 4.7, 8] },
      "faces": {
        "north": { "uv": [10.5, 8.5, 11, 8.75], "texture": "#0" },
        "east": { "uv": [11.5, 4.5, 11.75, 4.75], "texture": "#0" },
        "south": { "uv": [9, 10.5, 9.5, 10.75], "texture": "#0" },
        "west": { "uv": [5, 11.5, 5.25, 11.75], "texture": "#0" },
        "up": { "uv": [11, 9.25, 10.5, 9], "texture": "#0" },
        "down": { "uv": [10, 10.5, 9.5, 10.75], "texture": "#0" }
      }
    },
    {
      "from": [6.03776, 4.525, 7.97526],
      "to": [6.38776, 4.875, 8.32526],
      "rotation": { "angle": 45, "axis": "y", "origin": [6.0625, 4.7, 8] },
      "faces": {
        "north": { "uv": [11.5, 5, 11.75, 5.25], "texture": "#0" },
        "east": { "uv": [5.5, 11.5, 5.75, 11.75], "texture": "#0" },
        "south": { "uv": [11.5, 5.5, 11.75, 5.75], "texture": "#0" },
        "west": { "uv": [6, 11.5, 6.25, 11.75], "texture": "#0" },
        "up": { "uv": [11.75, 6.25, 11.5, 6], "texture": "#0" },
        "down": { "uv": [6.75, 11.5, 6.5, 11.75], "texture": "#0" }
      }
    },
    {
      "from": [5.45, 4, 7.75],
      "to": [6.25, 4.4, 8.25],
      "rotation": { "angle": 0, "axis": "y", "origin": [6.0625, 4.2, 8] },
      "faces": {
        "north": { "uv": [10.5, 9.5, 11, 9.75], "texture": "#0" },
        "east": { "uv": [11.5, 6.5, 11.75, 6.75], "texture": "#0" },
        "south": { "uv": [10, 10.5, 10.5, 10.75], "texture": "#0" },
        "west": { "uv": [7, 11.5, 7.25, 11.75], "texture": "#0" },
        "up": { "uv": [11, 10.25, 10.5, 10], "texture": "#0" },
        "down": { "uv": [11, 10.5, 10.5, 10.75], "texture": "#0" }
      }
    },
    {
      "from": [6.03776, 4.025, 7.97526],
      "to": [6.38776, 4.375, 8.32526],
      "rotation": { "angle": 45, "axis": "y", "origin": [6.0625, 4.2, 8] },
      "faces": {
        "north": { "uv": [11.5, 7, 11.75, 7.25], "texture": "#0" },
        "east": { "uv": [7.5, 11.5, 7.75, 11.75], "texture": "#0" },
        "south": { "uv": [11.5, 7.5, 11.75, 7.75], "texture": "#0" },
        "west": { "uv": [8, 11.5, 8.25, 11.75], "texture": "#0" },
        "up": { "uv": [11.75, 8.25, 11.5, 8], "texture": "#0" },
        "down": { "uv": [8.75, 11.5, 8.5, 11.75], "texture": "#0" }
      }
    },
    {
      "from": [5.68724, 6.675, 7.69974],
      "to": [6.48724, 7.075, 8.29974],
      "rotation": {
        "angle": -22.5,
        "axis": "z",
        "origin": [6.29362, 6.975, 7.99987]
      },
      "faces": {
        "north": { "uv": [0, 11, 0.5, 11.25], "texture": "#0" },
        "east": { "uv": [11.5, 8.5, 11.75, 8.75], "texture": "#0" },
        "south": { "uv": [11, 0, 11.5, 0.25], "texture": "#0" },
        "west": { "uv": [9, 11.5, 9.25, 11.75], "texture": "#0" },
        "up": { "uv": [1, 11.25, 0.5, 11], "texture": "#0" },
        "down": { "uv": [11.5, 0.5, 11, 0.75], "texture": "#0" }
      }
    },
    {
      "from": [6.275, 6.7, 7.825],
      "to": [6.625, 7.05, 8.175],
      "rotation": {
        "angle": -22.5,
        "axis": "z",
        "origin": [6.29362, 6.975, 7.99987]
      },
      "faces": {
        "north": { "uv": [11.5, 9, 11.75, 9.25], "texture": "#0" },
        "east": { "uv": [9.5, 11.5, 9.75, 11.75], "texture": "#0" },
        "south": { "uv": [11.5, 9.5, 11.75, 9.75], "texture": "#0" },
        "west": { "uv": [10, 11.5, 10.25, 11.75], "texture": "#0" },
        "up": { "uv": [11.75, 10.25, 11.5, 10], "texture": "#0" },
        "down": { "uv": [10.75, 11.5, 10.5, 11.75], "texture": "#0" }
      }
    }
  ],
  "display": {
    "thirdperson_righthand": {
      "rotation": [-32, -42, 5],
      "translation": [0.25, 7.5, -3],
      "scale": [1.5, 1.5, 1.5]
    },
    "thirdperson_lefthand": {
      "rotation": [-77, -90, 0],
      "translation": [0, -0.25, -6]
    },
    "firstperson_righthand": {
      "rotation": [0, -95, 95],
      "translation": [-1.75, 2.5, 0.5],
      "scale": [0.81, 0.81, 0.81]
    },
    "firstperson_lefthand": {
      "rotation": [64, 64, -159],
      "translation": [1.25, 3.25, 1],
      "scale": [0.5, 0.5, 0.5]
    },
    "ground": {
      "rotation": [180, 0, 0],
      "translation": [0, -1.75, 0],
      "scale": [1.2, 1.2, 1.2]
    },
    "gui": {
      "rotation": [0, 0, -43],
      "translation": [2, 1.75, 0]
    },
    "head": {
      "rotation": [-180, 0, 0],
      "translation": [0, 7, -6.5]
    },
    "fixed": {
      "rotation": [101, 64, 0],
      "scale": [2, 2, 2]
    }
  },
  "groups": [
    0,
    1,
    2,
    3,
    4,
    5,
    6,
    7,
    8,
    9,
    10,
    11,
    12,
    13,
    14,
    15,
    16,
    17,
    18,
    19,
    20,
    21,
    22,
    23,
    24,
    {
      "name": "teeth",
      "origin": [10.15, 5.7, 8],
      "color": 0,
      "children": [25, 26]
    },
    {
      "name": "teeth",
      "origin": [10.15, 5.7, 8],
      "color": 0,
      "children": [27, 28]
    },
    {
      "name": "teeth",
      "origin": [10.15, 5.7, 8],
      "color": 0,
      "children": [29, 30]
    },
    {
      "name": "teeth",
      "origin": [10.15, 5.7, 8],
      "color": 0,
      "children": [31, 32]
    },
    {
      "name": "top_teeth",
      "origin": [10.15, 5.7, 8],
      "color": 0,
      "children": [33, 34]
    },
    {
      "name": "teeth",
      "origin": [10.15, 5.7, 8],
      "color": 0,
      "children": [35, 36]
    },
    {
      "name": "teeth",
      "origin": [10.15, 5.7, 8],
      "color": 0,
      "children": [37, 38]
    },
    {
      "name": "teeth",
      "origin": [10.15, 5.7, 8],
      "color": 0,
      "children": [39, 40]
    },
    {
      "name": "teeth",
      "origin": [10.15, 5.7, 8],
      "color": 0,
      "children": [41, 42]
    },
    {
      "name": "top_teeth",
      "origin": [10.15, 5.7, 8],
      "color": 0,
      "children": [43, 44]
    }
  ]
}
