{
	"credit": "Made with Blockbench",
	"texture_size": [32, 32],
	"textures": {
		"0": "#item_texture",
		"1": "block/ice",
		"particle": "block/ice"
	},
	"elements": [
		{
			"from": [7.25, 14.25, 7.75],
			"to": [8.75, 16.75, 8.25],
			"faces": {
				"north": {"uv": [16, 2, 11, 3], "texture": "#0"},
				"east": {"uv": [14, 3, 15, 4], "texture": "#0"},
				"south": {"uv": [11, 2, 16, 3], "texture": "#0"},
				"west": {"uv": [10, 3, 11, 4], "texture": "#0"},
				"up": {"uv": [0, 0, 0.75, 0.25], "texture": "#0"},
				"down": {"uv": [0, 0, 0.75, 0.25], "texture": "#0"}
			}
		},
		{
			"from": [7.125, 1, 7.125],
			"to": [8.875, 2, 8.875],
			"faces": {
				"north": {"uv": [3, 14, 0, 16], "texture": "#0"},
				"east": {"uv": [0, 14, 3, 16], "texture": "#0"},
				"south": {"uv": [0, 14, 3, 16], "texture": "#0"},
				"west": {"uv": [0, 14, 3, 16], "texture": "#0"},
				"up": {"uv": [1, 15, 2, 16], "texture": "#0"},
				"down": {"uv": [1, 15, 2, 16], "texture": "#0"}
			}
		},
		{
			"from": [7.375, 2, 7.375],
			"to": [8.625, 5, 8.625],
			"faces": {
				"north": {"uv": [4, 11, 3, 14], "texture": "#0"},
				"east": {"uv": [3, 11, 4, 14], "texture": "#0"},
				"south": {"uv": [3, 11, 4, 14], "texture": "#0"},
				"west": {"uv": [3, 11, 4, 14], "texture": "#0"},
				"up": {"uv": [3, 11, 4, 12], "texture": "#0"},
				"down": {"uv": [2, 12, 5, 13], "texture": "#0"}
			}
		},
		{
			"from": [7, 5, 7.25],
			"to": [9, 6, 8.75],
			"faces": {
				"north": {"uv": [5, 11, 3, 12], "texture": "#0"},
				"east": {"uv": [4, 11, 5, 12], "texture": "#0"},
				"south": {"uv": [3, 11, 5, 12], "texture": "#0"},
				"west": {"uv": [3, 11, 4, 12], "texture": "#0"},
				"up": {"uv": [3, 11, 4, 12], "texture": "#0"},
				"down": {"uv": [3, 11, 5, 12], "texture": "#0"}
			}
		},
		{
			"from": [6.75, 6, 7.25],
			"to": [9.25, 8, 8.75],
			"faces": {
				"north": {"uv": [5, 8, 10, 9], "texture": "#0"},
				"east": {"uv": [5, 11, 6, 12], "texture": "#0"},
				"south": {"uv": [5, 8, 10, 9], "texture": "#0"},
				"west": {"uv": [8, 11, 9, 12], "texture": "#0"},
				"up": {"uv": [5, 11, 6, 12], "texture": "#0"},
				"down": {"uv": [5, 11, 6, 12], "texture": "#0"}
			}
		},
		{
			"from": [9.25, 6.5, 7.5],
			"to": [10, 7.5, 8.5],
			"faces": {
				"north": {"uv": [4, 6, 3.125, 10], "texture": "#0"},
				"east": {"uv": [3.25, 6, 4, 10], "texture": "#0"},
				"south": {"uv": [3.25, 6, 3.875, 10], "texture": "#0"},
				"west": {"uv": [5, 11, 9, 12], "texture": "#0"},
				"up": {"uv": [2, 6, 4.125, 7], "texture": "#0"},
				"down": {"uv": [2, 6, 3.875, 7.25], "texture": "#0"}
			}
		},
		{
			"from": [6, 6.5, 7.5],
			"to": [6.75, 7.5, 8.5],
			"faces": {
				"north": {"uv": [4, 6, 3.125, 10], "texture": "#0"},
				"east": {"uv": [3.25, 6, 4, 10], "texture": "#0"},
				"south": {"uv": [3.25, 6, 3.875, 10], "texture": "#0"},
				"west": {"uv": [5, 11, 9, 12], "texture": "#0"},
				"up": {"uv": [2, 6, 4.125, 7], "texture": "#0"},
				"down": {"uv": [2, 6, 3.875, 7.25], "texture": "#0"}
			}
		},
		{
			"from": [5.25, 6, 7.25],
			"to": [6, 8, 8.75],
			"faces": {
				"north": {"uv": [4, 6, 3.125, 10], "texture": "#0"},
				"east": {"uv": [3.25, 6, 4, 10], "texture": "#0"},
				"south": {"uv": [3.25, 6, 3.875, 10], "texture": "#0"},
				"west": {"uv": [3.25, 6, 4, 10], "texture": "#0"},
				"up": {"uv": [2, 6, 4.125, 7], "texture": "#0"},
				"down": {"uv": [2, 6, 3.875, 7.25], "texture": "#0"}
			}
		},
		{
			"from": [5.5, 8, 7.25],
			"to": [6, 8.5, 8.75],
			"faces": {
				"north": {"uv": [2, 7, 3, 8], "texture": "#0"},
				"east": {"uv": [2, 7, 5, 8], "texture": "#0"},
				"south": {"uv": [4, 7, 5, 8], "texture": "#0"},
				"west": {"uv": [2, 7, 5, 8], "texture": "#0"},
				"up": {"uv": [3, 6, 4, 9], "texture": "#0"},
				"down": {"uv": [0, 0, 0.25, 0.75], "texture": "#0"}
			}
		},
		{
			"from": [10, 8, 7.25],
			"to": [10.5, 8.5, 8.75],
			"faces": {
				"north": {"uv": [2, 7, 3, 8], "texture": "#0"},
				"east": {"uv": [2, 7, 5, 8], "texture": "#0"},
				"south": {"uv": [4, 7, 5, 8], "texture": "#0"},
				"west": {"uv": [2, 7, 5, 8], "texture": "#0"},
				"up": {"uv": [3, 6, 4, 9], "texture": "#0"},
				"down": {"uv": [0, 0, 0.25, 0.75], "texture": "#0"}
			}
		},
		{
			"from": [10, 6, 7.25],
			"to": [10.75, 8, 8.75],
			"faces": {
				"north": {"uv": [4, 6, 3.125, 10], "texture": "#0"},
				"east": {"uv": [3.25, 6, 4, 10], "texture": "#0"},
				"south": {"uv": [3.25, 6, 3.875, 10], "texture": "#0"},
				"west": {"uv": [5, 11, 9, 12], "texture": "#0"},
				"up": {"uv": [2, 6, 4.125, 7], "texture": "#0"},
				"down": {"uv": [2, 6, 3.875, 7.25], "texture": "#0"}
			}
		},
		{
			"from": [6.75, 8, 7.75],
			"to": [9.25, 9.25, 8.25],
			"faces": {
				"north": {"uv": [15, 3, 10, 4], "texture": "#0"},
				"east": {"uv": [14, 3, 15, 4], "texture": "#0"},
				"south": {"uv": [10, 3, 15, 4], "texture": "#0"},
				"west": {"uv": [10, 3, 11, 4], "texture": "#0"},
				"up": {"uv": [10, 3, 15, 4], "texture": "#0"},
				"down": {"uv": [0, 0, 0.75, 0.25], "texture": "#0"}
			}
		},
		{
			"from": [7, 8, 7.25],
			"to": [9, 9.25, 7.75],
			"faces": {
				"north": {"uv": [12, 6, 7, 7], "texture": "#0"},
				"east": {"uv": [14, 3, 15, 4], "texture": "#0"},
				"south": {"uv": [10, 3, 15, 4], "texture": "#0"},
				"west": {"uv": [10, 3, 11, 4], "texture": "#0"},
				"up": {"uv": [10, 3, 15, 4], "texture": "#0"},
				"down": {"uv": [0, 0, 0.75, 0.25], "texture": "#0"}
			}
		},
		{
			"from": [7, 9.25, 7.5],
			"to": [9, 9.75, 7.75],
			"faces": {
				"north": {"uv": [14, 4, 9, 5], "texture": "#0"},
				"east": {"uv": [14, 3, 15, 4], "texture": "#0"},
				"south": {"uv": [10, 3, 15, 4], "texture": "#0"},
				"west": {"uv": [10, 3, 11, 4], "texture": "#0"},
				"up": {"uv": [10, 3, 15, 4], "texture": "#0"},
				"down": {"uv": [0, 0, 0.75, 0.25], "texture": "#0"}
			}
		},
		{
			"from": [7, 9.25, 8.25],
			"to": [9, 9.75, 8.5],
			"faces": {
				"north": {"uv": [15, 3, 10, 4], "texture": "#0"},
				"east": {"uv": [14, 3, 15, 4], "texture": "#0"},
				"south": {"uv": [9, 4, 14, 5], "texture": "#0"},
				"west": {"uv": [10, 3, 11, 4], "texture": "#0"},
				"up": {"uv": [10, 3, 15, 4], "texture": "#0"},
				"down": {"uv": [0, 0, 0.75, 0.25], "texture": "#0"}
			}
		},
		{
			"from": [7, 8, 8.25],
			"to": [9, 9.25, 8.75],
			"faces": {
				"north": {"uv": [15, 3, 10, 4], "texture": "#0"},
				"east": {"uv": [14, 3, 15, 4], "texture": "#0"},
				"south": {"uv": [6, 7, 11, 8], "texture": "#0"},
				"west": {"uv": [10, 3, 11, 4], "texture": "#0"},
				"up": {"uv": [10, 3, 15, 4], "texture": "#0"},
				"down": {"uv": [0, 0, 0.75, 0.25], "texture": "#0"}
			}
		},
		{
			"from": [7, 9.25, 7.75],
			"to": [9, 12.5, 8.25],
			"faces": {
				"north": {"uv": [15, 3, 10, 4], "texture": "#0"},
				"east": {"uv": [14, 3, 15, 4], "texture": "#0"},
				"south": {"uv": [10, 3, 15, 4], "texture": "#0"},
				"west": {"uv": [10, 3, 11, 4], "texture": "#0"},
				"up": {"uv": [10, 3, 15, 4], "texture": "#0"},
				"down": {"uv": [0, 0, 0.75, 0.25], "texture": "#0"}
			}
		},
		{
			"from": [7, 16.75, 7.75],
			"to": [9, 20, 8.25],
			"faces": {
				"north": {"uv": [16, 2, 11, 2.875], "texture": "#0"},
				"east": {"uv": [15, 1, 16, 2.875], "texture": "#0"},
				"south": {"uv": [11, 2, 16, 2.875], "texture": "#0"},
				"west": {"uv": [13, 0, 15.25, 0.875], "texture": "#0"},
				"up": {"uv": [0, 0, 1, 0.25], "texture": "#0"},
				"down": {"uv": [0, 0, 1, 0.25], "texture": "#0"}
			}
		},
		{
			"from": [7.5, 19.5, 7.76],
			"to": [9.5, 21.5, 8.24],
			"rotation": {"angle": -45, "axis": "z", "origin": [8, 21, 8]},
			"faces": {
				"north": {"uv": [16, 0, 13, 3], "rotation": 90, "texture": "#0"},
				"east": {"uv": [13, 2, 16, 2.99], "rotation": 270, "texture": "#0"},
				"south": {"uv": [13, 0, 16, 3], "rotation": 270, "texture": "#0"},
				"west": {"uv": [13, 0, 16, 0.99], "rotation": 270, "texture": "#0"},
				"up": {"uv": [15.01, 0, 16, 3], "rotation": 270, "texture": "#0"},
				"down": {"uv": [13.99, 0, 13, 3], "rotation": 270, "texture": "#0"}
			}
		},
		{
			"from": [10.25, 17, 7.76],
			"to": [12, 18.75, 8.24],
			"rotation": {"angle": -45, "axis": "z", "origin": [8, 21, 8]},
			"faces": {
				"north": {"uv": [14, 2, 11, 5], "rotation": 90, "texture": "#0"},
				"east": {"uv": [13, 2, 16, 2.99], "rotation": 270, "texture": "#0"},
				"south": {"uv": [13, 0, 16, 3], "rotation": 270, "texture": "#0"},
				"west": {"uv": [13, 0, 16, 0.99], "rotation": 270, "texture": "#0"},
				"up": {"uv": [15.01, 0, 16, 3], "rotation": 270, "texture": "#0"},
				"down": {"uv": [13.99, 0, 13, 3], "rotation": 270, "texture": "#0"}
			}
		},
		{
			"from": [12, 15.25, 7.76],
			"to": [13.75, 17, 8.24],
			"rotation": {"angle": -45, "axis": "z", "origin": [8, 21, 8]},
			"faces": {
				"north": {"uv": [12, 4, 9, 7], "rotation": 90, "texture": "#0"},
				"east": {"uv": [9, 6, 12, 6.99], "rotation": 270, "texture": "#0"},
				"south": {"uv": [9, 4, 12, 7], "rotation": 270, "texture": "#0"},
				"west": {"uv": [9, 4, 12, 4.99], "rotation": 270, "texture": "#0"},
				"up": {"uv": [11.01, 4, 12, 7], "rotation": 270, "texture": "#0"},
				"down": {"uv": [9.99, 4, 9, 7], "rotation": 270, "texture": "#0"}
			}
		},
		{
			"from": [7.25, 12.5, 7.75],
			"to": [8.75, 13.75, 8.25],
			"faces": {
				"north": {"uv": [15, 3, 10, 4], "texture": "#0"},
				"east": {"uv": [14, 3, 15, 4], "texture": "#0"},
				"south": {"uv": [10, 3, 15, 4], "texture": "#0"},
				"west": {"uv": [10, 3, 11, 4], "texture": "#0"},
				"up": {"uv": [0, 0, 0.75, 0.25], "texture": "#0"},
				"down": {"uv": [0, 0, 0.75, 0.25], "texture": "#0"}
			}
		},
		{
			"from": [7, 14, 7.5],
			"to": [9, 17, 8.5],
			"faces": {
				"north": {"uv": [16, 2, 11, 3], "texture": "#1"},
				"east": {"uv": [14, 3, 15, 4], "texture": "#1"},
				"south": {"uv": [11, 2, 16, 3], "texture": "#1"},
				"west": {"uv": [10, 3, 11, 4], "texture": "#1"},
				"up": {"uv": [0, 0, 0.75, 0.25], "texture": "#1"},
				"down": {"uv": [0, 0, 0.75, 0.25], "texture": "#1"}
			}
		},
		{
			"from": [6.875, 0.75, 6.875],
			"to": [9.125, 2.25, 9.125],
			"faces": {
				"north": {"uv": [3, 14, 0, 16], "texture": "#1"},
				"east": {"uv": [0, 14, 3, 16], "texture": "#1"},
				"south": {"uv": [0, 14, 3, 16], "texture": "#1"},
				"west": {"uv": [0, 14, 3, 16], "texture": "#1"},
				"up": {"uv": [1, 15, 2, 16], "texture": "#1"},
				"down": {"uv": [1, 15, 2, 16], "texture": "#1"}
			}
		},
		{
			"from": [7.125, 1.75, 7.125],
			"to": [8.875, 5.25, 8.875],
			"faces": {
				"north": {"uv": [4, 11, 3, 14], "texture": "#1"},
				"east": {"uv": [3, 11, 4, 14], "texture": "#1"},
				"south": {"uv": [3, 11, 4, 14], "texture": "#1"},
				"west": {"uv": [3, 11, 4, 14], "texture": "#1"},
				"up": {"uv": [3, 11, 4, 12], "texture": "#1"},
				"down": {"uv": [2, 12, 5, 13], "texture": "#1"}
			}
		},
		{
			"from": [6.5, 4.75, 7],
			"to": [9.5, 6.25, 9],
			"faces": {
				"north": {"uv": [5, 11, 3, 12], "texture": "#1"},
				"east": {"uv": [4, 11, 5, 12], "texture": "#1"},
				"south": {"uv": [3, 11, 5, 12], "texture": "#1"},
				"west": {"uv": [3, 11, 4, 12], "texture": "#1"},
				"up": {"uv": [3, 11, 4, 12], "texture": "#1"},
				"down": {"uv": [3, 11, 5, 12], "texture": "#1"}
			}
		},
		{
			"from": [6.75, 6.25, 7],
			"to": [9.25, 7.75, 9],
			"faces": {
				"north": {"uv": [5, 8, 10, 9], "texture": "#1"},
				"east": {"uv": [5, 11, 6, 12], "texture": "#1"},
				"south": {"uv": [5, 8, 10, 9], "texture": "#1"},
				"west": {"uv": [8, 11, 9, 12], "texture": "#1"},
				"up": {"uv": [5, 11, 6, 12], "texture": "#1"},
				"down": {"uv": [5, 11, 6, 12], "texture": "#1"}
			}
		},
		{
			"from": [9.25, 6.25, 7.25],
			"to": [10, 7.75, 8.75],
			"faces": {
				"north": {"uv": [4, 6, 4.375, 6.75], "texture": "#1"},
				"east": {"uv": [3.25, 6, 4, 6.75], "texture": "#1"},
				"south": {"uv": [3.25, 6, 3.625, 6.75], "texture": "#1"},
				"west": {"uv": [5, 11, 5.75, 11.75], "texture": "#1"},
				"up": {"uv": [2, 6, 2.375, 6.75], "texture": "#1"},
				"down": {"uv": [2, 6, 2.375, 6.75], "texture": "#1"}
			}
		},
		{
			"from": [6, 6.25, 7.25],
			"to": [6.75, 7.75, 8.75],
			"faces": {
				"north": {"uv": [4, 6, 4.375, 6.75], "texture": "#1"},
				"east": {"uv": [3.25, 6, 4, 6.75], "texture": "#1"},
				"south": {"uv": [3.25, 6, 3.625, 6.75], "texture": "#1"},
				"west": {"uv": [5, 11, 5.75, 11.75], "texture": "#1"},
				"up": {"uv": [2, 6, 2.375, 6.75], "texture": "#1"},
				"down": {"uv": [2, 6, 2.375, 6.75], "texture": "#1"}
			}
		},
		{
			"from": [5, 5.75, 7],
			"to": [6.25, 8.25, 9],
			"faces": {
				"north": {"uv": [4, 6, 3.125, 10], "texture": "#1"},
				"east": {"uv": [3.25, 6, 4, 10], "texture": "#1"},
				"south": {"uv": [3.25, 6, 3.875, 10], "texture": "#1"},
				"west": {"uv": [3.25, 6, 4, 10], "texture": "#1"},
				"up": {"uv": [2, 6, 4.125, 7], "texture": "#1"},
				"down": {"uv": [2, 6, 3.875, 7.25], "texture": "#1"}
			}
		},
		{
			"from": [5.25, 8.25, 7],
			"to": [6.25, 8.75, 9],
			"faces": {
				"north": {"uv": [2, 7, 3, 8], "texture": "#1"},
				"east": {"uv": [2, 7, 5, 8], "texture": "#1"},
				"south": {"uv": [4, 7, 5, 8], "texture": "#1"},
				"west": {"uv": [2, 7, 5, 8], "texture": "#1"},
				"up": {"uv": [3, 6, 4, 9], "texture": "#1"},
				"down": {"uv": [0, 0, 0.25, 0.75], "texture": "#1"}
			}
		},
		{
			"from": [9.75, 8.25, 7],
			"to": [10.75, 8.75, 9],
			"faces": {
				"north": {"uv": [2, 7, 2.5, 7.25], "texture": "#1"},
				"east": {"uv": [2, 7, 3, 7.25], "texture": "#1"},
				"south": {"uv": [4, 7, 4.5, 7.25], "texture": "#1"},
				"west": {"uv": [2, 7, 3, 7.25], "texture": "#1"},
				"up": {"uv": [3, 6, 3.5, 7], "texture": "#1"},
				"down": {"uv": [0, 0, 0.5, 1], "texture": "#1"}
			}
		},
		{
			"from": [9.75, 5.75, 7],
			"to": [11, 8.25, 9],
			"faces": {
				"north": {"uv": [4, 6, 3.125, 10], "texture": "#1"},
				"east": {"uv": [3.25, 6, 4, 10], "texture": "#1"},
				"south": {"uv": [3.25, 6, 3.875, 10], "texture": "#1"},
				"west": {"uv": [5, 11, 9, 12], "texture": "#1"},
				"up": {"uv": [2, 6, 4.125, 7], "texture": "#1"},
				"down": {"uv": [2, 6, 3.875, 7.25], "texture": "#1"}
			}
		},
		{
			"from": [6.5, 7.75, 7.5],
			"to": [9.5, 9.5, 8.5],
			"faces": {
				"north": {"uv": [14.25, 3, 15.75, 3.875], "texture": "#1"},
				"east": {"uv": [14, 3, 14.5, 3.875], "texture": "#1"},
				"south": {"uv": [10, 3, 11.5, 3.875], "texture": "#1"},
				"west": {"uv": [10, 3, 10.5, 3.875], "texture": "#1"},
				"up": {"uv": [10, 3, 11.5, 3.5], "texture": "#1"},
				"down": {"uv": [0, 0, 1.5, 0.5], "texture": "#1"}
			}
		},
		{
			"from": [6.5, 7.75, 7],
			"to": [9.5, 9.5, 7.5],
			"faces": {
				"north": {"uv": [12, 6, 7, 7], "texture": "#1"},
				"east": {"uv": [14, 3, 15, 4], "texture": "#1"},
				"south": {"uv": [10, 3, 15, 4], "texture": "#1"},
				"west": {"uv": [10, 3, 11, 4], "texture": "#1"},
				"up": {"uv": [10, 3, 15, 4], "texture": "#1"},
				"down": {"uv": [0, 0, 0.75, 0.25], "texture": "#1"}
			}
		},
		{
			"from": [6.75, 9.5, 7.25],
			"to": [9.25, 10, 7.5],
			"faces": {
				"north": {"uv": [14, 4, 9, 5], "texture": "#1"},
				"east": {"uv": [14, 3, 15, 4], "texture": "#1"},
				"south": {"uv": [10, 3, 15, 4], "texture": "#1"},
				"west": {"uv": [10, 3, 11, 4], "texture": "#1"},
				"up": {"uv": [10, 3, 15, 4], "texture": "#1"},
				"down": {"uv": [0, 0, 0.75, 0.25], "texture": "#1"}
			}
		},
		{
			"from": [6.75, 9.5, 8.5],
			"to": [9.25, 10, 8.75],
			"faces": {
				"north": {"uv": [15, 3, 10, 4], "texture": "#1"},
				"east": {"uv": [14, 3, 15, 4], "texture": "#1"},
				"south": {"uv": [9, 4, 14, 5], "texture": "#1"},
				"west": {"uv": [10, 3, 11, 4], "texture": "#1"},
				"up": {"uv": [10, 3, 15, 4], "texture": "#1"},
				"down": {"uv": [0, 0, 0.75, 0.25], "texture": "#1"}
			}
		},
		{
			"from": [6.5, 7.75, 8.5],
			"to": [9.5, 9.5, 9],
			"faces": {
				"north": {"uv": [15, 3, 10, 4], "texture": "#1"},
				"east": {"uv": [14, 3, 15, 4], "texture": "#1"},
				"south": {"uv": [6, 7, 11, 8], "texture": "#1"},
				"west": {"uv": [10, 3, 11, 4], "texture": "#1"},
				"up": {"uv": [10, 3, 15, 4], "texture": "#1"},
				"down": {"uv": [0, 0, 0.75, 0.25], "texture": "#1"}
			}
		},
		{
			"from": [6.75, 9.25, 7.5],
			"to": [9.25, 12.75, 8.5],
			"faces": {
				"north": {"uv": [15, 3, 10, 4], "texture": "#1"},
				"east": {"uv": [14, 3, 15, 4], "texture": "#1"},
				"south": {"uv": [10, 3, 15, 4], "texture": "#1"},
				"west": {"uv": [10, 3, 11, 4], "texture": "#1"},
				"up": {"uv": [10, 3, 15, 4], "texture": "#1"},
				"down": {"uv": [0, 0, 0.75, 0.25], "texture": "#1"}
			}
		},
		{
			"from": [6.75, 17, 7.5],
			"to": [9.25, 20.25, 8.5],
			"faces": {
				"north": {"uv": [16, 2, 11, 2.875], "texture": "#1"},
				"east": {"uv": [15, 1, 16, 2.875], "texture": "#1"},
				"south": {"uv": [11, 2, 16, 2.875], "texture": "#1"},
				"west": {"uv": [13, 0, 15.25, 0.875], "texture": "#1"},
				"up": {"uv": [0, 0, 1, 0.25], "texture": "#1"},
				"down": {"uv": [0, 0, 1, 0.25], "texture": "#1"}
			}
		},
		{
			"from": [7.25, 19.25, 7.51],
			"to": [9.75, 21.75, 8.49],
			"rotation": {"angle": -45, "axis": "z", "origin": [8, 21, 8]},
			"faces": {
				"north": {"uv": [16, 0, 13, 3], "rotation": 90, "texture": "#1"},
				"east": {"uv": [13, 2, 16, 2.99], "rotation": 270, "texture": "#1"},
				"south": {"uv": [13, 0, 16, 3], "rotation": 270, "texture": "#1"},
				"west": {"uv": [13, 0, 16, 0.99], "rotation": 270, "texture": "#1"},
				"up": {"uv": [15.01, 0, 16, 3], "rotation": 270, "texture": "#1"},
				"down": {"uv": [13.99, 0, 13, 3], "rotation": 270, "texture": "#1"}
			}
		},
		{
			"from": [10, 16.75, 7.51],
			"to": [12.25, 19, 8.49],
			"rotation": {"angle": -45, "axis": "z", "origin": [8, 21, 8]},
			"faces": {
				"north": {"uv": [14, 2, 11, 5], "rotation": 90, "texture": "#1"},
				"east": {"uv": [13, 2, 16, 2.99], "rotation": 270, "texture": "#1"},
				"south": {"uv": [13, 0, 16, 3], "rotation": 270, "texture": "#1"},
				"west": {"uv": [13, 0, 16, 0.99], "rotation": 270, "texture": "#1"},
				"up": {"uv": [15.01, 0, 16, 3], "rotation": 270, "texture": "#1"},
				"down": {"uv": [13.99, 0, 13, 3], "rotation": 270, "texture": "#1"}
			}
		},
		{
			"from": [11.75, 15, 7.51],
			"to": [14, 17.25, 8.49],
			"rotation": {"angle": -45, "axis": "z", "origin": [8, 21, 8]},
			"faces": {
				"north": {"uv": [12, 4, 9, 7], "rotation": 90, "texture": "#1"},
				"east": {"uv": [9, 6, 12, 6.99], "rotation": 270, "texture": "#1"},
				"south": {"uv": [9, 4, 12, 7], "rotation": 270, "texture": "#1"},
				"west": {"uv": [9, 4, 12, 4.99], "rotation": 270, "texture": "#1"},
				"up": {"uv": [11.01, 4, 12, 7], "rotation": 270, "texture": "#1"},
				"down": {"uv": [9.99, 4, 9, 7], "rotation": 270, "texture": "#1"}
			}
		},
		{
			"from": [7, 12.75, 7.5],
			"to": [9, 14, 8.5],
			"faces": {
				"north": {"uv": [14.75, 3, 15.75, 3.625], "texture": "#1"},
				"east": {"uv": [14, 3, 14.5, 3.625], "texture": "#1"},
				"south": {"uv": [10, 3, 11, 3.625], "texture": "#1"},
				"west": {"uv": [10, 3, 10.5, 3.625], "texture": "#1"},
				"up": {"uv": [0, 0, 1, 0.5], "texture": "#1"},
				"down": {"uv": [0, 0, 1, 0.5], "texture": "#1"}
			}
		}
	],
	"display": {
		"thirdperson_righthand": {
			"rotation": [0, 89, 0],
			"translation": [0, 2.25, 0.5]
		},
		"thirdperson_lefthand": {
			"rotation": [-180, -91, 0],
			"translation": [0, -5.5, 0]
		},
		"firstperson_righthand": {
			"rotation": [5, 89, 0],
			"translation": [2, -0.25, 1.75]
		},
		"firstperson_lefthand": {
			"rotation": [118, 92, 0],
			"translation": [2, -1.75, 7.25]
		},
		"ground": {
			"rotation": [137, 83, 148],
			"translation": [-0.25, -0.25, 1.25]
		},
		"gui": {
			"rotation": [0, 0, -45],
			"translation": [-2.25, -2.25, 0]
		},
		"head": {
			"rotation": [180, 0, 0],
			"translation": [0, 13, 0.25]
		},
		"fixed": {
			"rotation": [90, 0, 0],
			"translation": [0, 0.25, -18.5],
			"scale": [2, 2, 2]
		}
	},
	"groups": [
		{
			"name": "Inside Sword",
			"origin": [8, 8, 8],
			"color": 0,
			"children": [0, 1, 2, 3, 4, 5, 6, 7, 8, 9, 10, 11, 12, 13, 14, 15, 16, 17, 18, 19, 20, 21]
		},
		{
			"name": "Ice",
			"origin": [8, 8, 8],
			"color": 0,
			"children": [22, 23, 24, 25, 26, 27, 28, 29, 30, 31, 32, 33, 34, 35, 36, 37, 38, 39, 40, 41, 42, 43]
		}
	]
}