{
	"credit": "Made with Blockbench",
	"texture_size": [6, 32],
	"textures": {
		"0": "#item_texture",
		"particle": "#item_texture"
	},
	"elements": [
		{
			"name": "grip",
			"from": [7.5, -0.75, 7.25],
			"to": [8.5, 7, 8.75],
			"faces": {
				"north": {"uv": [6.94444, 12.5, 9.72222, 16], "texture": "#0"},
				"east": {"uv": [11.11111, 12.5, 6.94444, 16], "texture": "#0"},
				"south": {"uv": [8.33333, 12.5, 11.11111, 16], "texture": "#0"},
				"west": {"uv": [6.94444, 12.5, 11.11111, 16], "texture": "#0"},
				"up": {"uv": [6.94444, 12.5, 11.11111, 13], "rotation": 90, "texture": "#0"},
				"down": {"uv": [6.94444, 15.5, 11.11111, 16], "rotation": 90, "texture": "#0"}
			}
		},
		{
			"name": "guard",
			"from": [7.25, 7, 6],
			"to": [8.75, 8, 10],
			"faces": {
				"north": {"uv": [3.47222, 12, 7.63889, 12.5], "texture": "#0"},
				"east": {"uv": [14.58333, 12, 3.47222, 12.5], "texture": "#0"},
				"south": {"uv": [10.41667, 12, 14.58333, 12.5], "texture": "#0"},
				"west": {"uv": [3.47222, 12, 14.58333, 12.5], "texture": "#0"},
				"up": {"uv": [3.47222, 12, 14.58333, 12.5], "rotation": 90, "texture": "#0"},
				"down": {"uv": [3.47222, 12, 14.58333, 12.5], "rotation": 90, "texture": "#0"}
			}
		},
		{
			"name": "blade",
			"from": [7.625, 8, 7.25],
			"to": [8.375, 11, 8.5],
			"faces": {
				"north": {"uv": [6.94444, 10.5, 9.02778, 12], "texture": "#0"},
				"east": {"uv": [10.41667, 10.5, 6.94444, 12], "texture": "#0"},
				"south": {"uv": [8.33333, 10.5, 10.41667, 12], "texture": "#0"},
				"west": {"uv": [6.94444, 10.5, 10.41667, 12], "texture": "#0"},
				"up": {"uv": [6.94444, 10.5, 10.41667, 10.875], "rotation": 90, "texture": "#0"},
				"down": {"uv": [6.94444, 11.625, 10.41667, 12], "rotation": 90, "texture": "#0"}
			}
		},
		{
			"name": "blade",
			"from": [7.75, 11, 7],
			"to": [8.25, 15, 8.25],
			"faces": {
				"north": {"uv": [6.25, 8.5, 7.63889, 10.5], "texture": "#0"},
				"east": {"uv": [9.72222, 8.5, 6.25, 10.5], "texture": "#0"},
				"south": {"uv": [8.33333, 8.5, 9.72222, 10.5], "texture": "#0"},
				"west": {"uv": [6.25, 8.5, 9.72222, 10.5], "texture": "#0"},
				"up": {"uv": [6.25, 8.5, 9.72222, 8.75], "rotation": 90, "texture": "#0"},
				"down": {"uv": [6.25, 10.25, 9.72222, 10.5], "rotation": 90, "texture": "#0"}
			}
		},
		{
			"name": "blade",
			"from": [7.75, 15, 6.75],
			"to": [8.25, 19, 8],
			"faces": {
				"north": {"uv": [5.55556, 6.5, 6.94444, 8.5], "texture": "#0"},
				"east": {"uv": [9.02778, 6.5, 5.55556, 8.5], "texture": "#0"},
				"south": {"uv": [7.63889, 6.5, 9.02778, 8.5], "texture": "#0"},
				"west": {"uv": [5.55556, 6.5, 9.02778, 8.5], "texture": "#0"},
				"up": {"uv": [5.55556, 6.5, 9.02778, 6.75], "rotation": 90, "texture": "#0"},
				"down": {"uv": [5.55556, 8.25, 9.02778, 8.5], "rotation": 90, "texture": "#0"}
			}
		},
		{
			"name": "blade",
			"from": [7.75, 19, 6.75],
			"to": [8.25, 21, 8],
			"faces": {
				"north": {"uv": [5.55556, 5.5, 6.94444, 6.5], "texture": "#0"},
				"east": {"uv": [9.02778, 5.5, 5.55556, 6.5], "texture": "#0"},
				"south": {"uv": [7.63889, 5.5, 9.02778, 6.5], "texture": "#0"},
				"west": {"uv": [5.55556, 5.5, 9.02778, 6.5], "texture": "#0"},
				"up": {"uv": [5.55556, 5.5, 9.02778, 5.75], "rotation": 90, "texture": "#0"},
				"down": {"uv": [5.55556, 6.25, 9.02778, 6.5], "rotation": 90, "texture": "#0"}
			}
		},
		{
			"name": "blade",
			"from": [7.875, 21, 6.5],
			"to": [8.125, 23, 7.75],
			"faces": {
				"north": {"uv": [4.86111, 4.5, 5.55556, 5.5], "texture": "#0"},
				"east": {"uv": [8.33333, 4.5, 4.86111, 5.5], "texture": "#0"},
				"south": {"uv": [7.63889, 4.5, 8.33333, 5.5], "texture": "#0"},
				"west": {"uv": [4.86111, 4.5, 8.33333, 5.5], "texture": "#0"},
				"up": {"uv": [4.86111, 4.5, 8.33333, 4.625], "rotation": 90, "texture": "#0"},
				"down": {"uv": [4.86111, 5.375, 8.33333, 5.5], "rotation": 90, "texture": "#0"}
			}
		},
		{
			"name": "blade",
			"from": [7.875, 23, 6.25],
			"to": [8.125, 25, 7.5],
			"faces": {
				"north": {"uv": [4.16667, 3.5, 4.86111, 4.5], "texture": "#0"},
				"east": {"uv": [7.63889, 3.5, 4.16667, 4.5], "texture": "#0"},
				"south": {"uv": [6.94444, 3.5, 7.63889, 4.5], "texture": "#0"},
				"west": {"uv": [4.16667, 3.5, 7.63889, 4.5], "texture": "#0"},
				"up": {"uv": [4.16667, 3.5, 7.63889, 3.625], "rotation": 90, "texture": "#0"},
				"down": {"uv": [4.16667, 4.375, 7.63889, 4.5], "rotation": 90, "texture": "#0"}
			}
		},
		{
			"name": "blade",
			"from": [7.875, 25, 6],
			"to": [8.125, 27, 7.25],
			"faces": {
				"north": {"uv": [3.47222, 2.5, 4.16667, 3.5], "texture": "#0"},
				"east": {"uv": [6.94444, 2.5, 3.47222, 3.5], "texture": "#0"},
				"south": {"uv": [6.25, 2.5, 6.94444, 3.5], "texture": "#0"},
				"west": {"uv": [3.47222, 2.5, 6.94444, 3.5], "texture": "#0"},
				"up": {"uv": [3.47222, 2.5, 6.94444, 2.625], "rotation": 90, "texture": "#0"},
				"down": {"uv": [3.47222, 3.375, 6.94444, 3.5], "rotation": 90, "texture": "#0"}
			}
		},
		{
			"name": "blade",
			"from": [7.875, 27, 5.75],
			"to": [8.125, 29, 7],
			"faces": {
				"north": {"uv": [2.77778, 1.5, 3.47222, 2.5], "texture": "#0"},
				"east": {"uv": [6.25, 1.5, 2.77778, 2.5], "texture": "#0"},
				"south": {"uv": [5.55556, 1.5, 6.25, 2.5], "texture": "#0"},
				"west": {"uv": [2.77778, 1.5, 6.25, 2.5], "texture": "#0"},
				"up": {"uv": [2.77778, 1.5, 6.25, 1.625], "rotation": 90, "texture": "#0"},
				"down": {"uv": [2.77778, 2.375, 6.25, 2.5], "rotation": 90, "texture": "#0"}
			}
		},
		{
			"name": "blade",
			"from": [7.875, 29, 5.25],
			"to": [8.125, 31, 6.25],
			"faces": {
				"north": {"uv": [1.38889, 0.5, 2.08333, 1.5], "texture": "#0"},
				"east": {"uv": [4.16667, 0.5, 1.38889, 1.5], "texture": "#0"},
				"south": {"uv": [3.47222, 0.5, 4.16667, 1.5], "texture": "#0"},
				"west": {"uv": [1.38889, 0.5, 4.16667, 1.5], "texture": "#0"},
				"up": {"uv": [1.38889, 0.5, 4.16667, 0.625], "rotation": 90, "texture": "#0"},
				"down": {"uv": [1.38889, 1.375, 4.16667, 1.5], "rotation": 90, "texture": "#0"}
			}
		},
		{
			"name": "blade",
			"from": [7.875, 31, 4.75],
			"to": [8.125, 32, 5.75],
			"faces": {
				"north": {"uv": [0, 0, 0.69444, 0.5], "texture": "#0"},
				"east": {"uv": [2.77778, 0, 0, 0.5], "texture": "#0"},
				"south": {"uv": [2.08333, 0, 2.77778, 0.5], "texture": "#0"},
				"west": {"uv": [0, 0, 2.77778, 0.5], "texture": "#0"},
				"up": {"uv": [0, 0, 2.77778, 0.125], "rotation": 90, "texture": "#0"},
				"down": {"uv": [0, 0.375, 2.77778, 0.5], "rotation": 90, "texture": "#0"}
			}
		},
		{
			"name": "blade",
			"from": [7.625, 8, 8.5],
			"to": [8.375, 8.75, 8.75],
			"faces": {
				"north": {"uv": [10.41667, 11.625, 11.11111, 12], "texture": "#0"},
				"east": {"uv": [10.41667, 11.625, 11.11111, 12], "texture": "#0"},
				"south": {"uv": [10.41667, 11.625, 11.11111, 12], "texture": "#0"},
				"west": {"uv": [10.41667, 11.625, 11.11111, 12], "texture": "#0"},
				"up": {"uv": [10.41667, 11.625, 11.11111, 12], "rotation": 90, "texture": "#0"},
				"down": {"uv": [10.41667, 11.625, 11.11111, 12], "rotation": 90, "texture": "#0"}
			}
		}
	],
	"display": {
		"thirdperson_righthand": {
			"rotation": [-179.75, 8.29, 176.55],
			"translation": [0, 2.25, 0.5]
		},
		"thirdperson_lefthand": {
			"rotation": [-180, 0, 0],
			"translation": [0, -6, 0.25]
		},
		"firstperson_righthand": {
			"rotation": [-5, 175, 0],
			"translation": [2, -0.75, 1.75]
		},
		"firstperson_lefthand": {
			"rotation": [118, 0, 0],
			"translation": [0, -0.75, 12]
		},
		"ground": {
			"rotation": [137, 80, -68],
			"translation": [-0.25, -0.25, 1.25]
		},
		"gui": {
			"rotation": [90, -135, 90],
			"translation": [-2.75, -2.75, 0],
			"scale": [0.6, 0.6, 0.6]
		},
		"head": {
			"rotation": [102, 17, 90],
			"translation": [11, 4.5, -3.5]
		},
		"fixed": {
			"rotation": [108, 0, 0],
			"translation": [0, 3.25, -41],
			"scale": [2, 2, 2]
		}
	},
	"groups": [
		{
			"name": "group",
			"origin": [0, 0, 0],
			"color": 0,
			"children": [0, 1, 2, 3, 4, 5, 6, 7, 8, 9, 10, 11, 12]
		}
	]
}