{
	"credit": "Made with Blockbench",
	"texture_size": [32, 32],
	"textures": {
		"0": "#item_texture",
		"particle": "#item_texture"
	},
	"elements": [
		{
			"from": [7.25, 2, 7.25],
			"to": [8.75, 4, 8.75],
			"rotation": {"angle": 0, "axis": "y", "origin": [8, 6, 8]},
			"faces": {
				"north": {"uv": [10.5, 4, 11.5, 5], "texture": "#0"},
				"east": {"uv": [10.5, 5, 11.5, 6], "texture": "#0"},
				"south": {"uv": [0, 11, 1, 12], "texture": "#0"},
				"west": {"uv": [11, 0, 12, 1], "texture": "#0"},
				"up": {"uv": [2, 12, 1, 11], "texture": "#0"},
				"down": {"uv": [12, 1, 11, 2], "texture": "#0"}
			}
		},
		{
			"from": [7, 0, 7],
			"to": [9, 2, 9],
			"faces": {
				"north": {"uv": [2, 11, 3, 12], "texture": "#0"},
				"east": {"uv": [11, 2, 12, 3], "texture": "#0"},
				"south": {"uv": [3, 11, 4, 12], "texture": "#0"},
				"west": {"uv": [11, 3, 12, 4], "texture": "#0"},
				"up": {"uv": [12, 10, 11, 9], "texture": "#0"},
				"down": {"uv": [12, 10, 11, 11], "texture": "#0"}
			}
		},
		{
			"from": [7, 4, 7],
			"to": [9, 5, 9],
			"faces": {
				"north": {"uv": [4, 12, 5, 12.5], "texture": "#0"},
				"east": {"uv": [5, 12, 6, 12.5], "texture": "#0"},
				"south": {"uv": [12, 9, 13, 9.5], "texture": "#0"},
				"west": {"uv": [12, 9.5, 13, 10], "texture": "#0"},
				"up": {"uv": [12, 12, 11, 11], "texture": "#0"},
				"down": {"uv": [12.5, 4, 11.5, 5], "texture": "#0"}
			}
		},
		{
			"from": [6, 6, 7],
			"to": [10, 7, 9],
			"faces": {
				"north": {"uv": [11.5, 5, 13.5, 5.5], "texture": "#0"},
				"east": {"uv": [12, 10, 13, 10.5], "texture": "#0"},
				"south": {"uv": [11.5, 5.5, 13.5, 6], "texture": "#0"},
				"west": {"uv": [12, 10.5, 13, 11], "texture": "#0"},
				"up": {"uv": [11, 1, 9, 0], "texture": "#0"},
				"down": {"uv": [11, 1, 9, 2], "texture": "#0"}
			}
		},
		{
			"from": [6.5, 7, 7.25],
			"to": [9.5, 14, 8.75],
			"faces": {
				"north": {"uv": [6, 0, 7.5, 3.5], "texture": "#0"},
				"east": {"uv": [4, 6.5, 5, 10], "texture": "#0"},
				"south": {"uv": [6, 3.5, 7.5, 7], "texture": "#0"},
				"west": {"uv": [5, 6.5, 6, 10], "texture": "#0"},
				"up": {"uv": [11.5, 7, 10, 6], "texture": "#0"},
				"down": {"uv": [11.5, 7, 10, 8], "texture": "#0"}
			}
		},
		{
			"from": [5.25, 6.75, 7.75],
			"to": [8.25, 19.25, 8.25],
			"faces": {
				"north": {"uv": [0, 0, 1.5, 6.5], "texture": "#0"},
				"east": {"uv": [6, 7, 6.5, 13.5], "texture": "#0"},
				"south": {"uv": [1.5, 0, 3, 6.5], "texture": "#0"},
				"west": {"uv": [6.5, 7, 7, 13.5], "texture": "#0"},
				"up": {"uv": [13.5, 1, 12, 0.5], "texture": "#0"},
				"down": {"uv": [13.5, 1, 12, 1.5], "texture": "#0"}
			}
		},
		{
			"from": [5.25, 6.75, 7.75],
			"to": [8.25, 19.25, 8.25],
			"faces": {
				"north": {"uv": [3, 0, 4.5, 6.5], "texture": "#0"},
				"east": {"uv": [7, 7, 7.5, 13.5], "texture": "#0"},
				"south": {"uv": [4.5, 0, 6, 6.5], "texture": "#0"},
				"west": {"uv": [7.5, 0, 8, 6.5], "texture": "#0"},
				"up": {"uv": [13.5, 2, 12, 1.5], "texture": "#0"},
				"down": {"uv": [13.5, 2, 12, 2.5], "texture": "#0"}
			}
		},
		{
			"from": [7, 14, 7.25],
			"to": [9, 18, 8.75],
			"faces": {
				"north": {"uv": [9, 2, 10, 4], "texture": "#0"},
				"east": {"uv": [9, 8.5, 10, 10.5], "texture": "#0"},
				"south": {"uv": [9.5, 4, 10.5, 6], "texture": "#0"},
				"west": {"uv": [10, 2, 11, 4], "texture": "#0"},
				"up": {"uv": [12.5, 7, 11.5, 6], "texture": "#0"},
				"down": {"uv": [12.5, 7, 11.5, 8], "texture": "#0"}
			}
		},
		{
			"from": [5.5, 5.25, 7.75],
			"to": [10.5, 7.75, 8.25],
			"rotation": {"angle": 0, "axis": "y", "origin": [8, 7, 8]},
			"faces": {
				"north": {"uv": [7.5, 6.5, 10, 7.5], "texture": "#0"},
				"east": {"uv": [9, 4, 9.5, 5], "texture": "#0"},
				"south": {"uv": [7.5, 7.5, 10, 8.5], "texture": "#0"},
				"west": {"uv": [11, 12, 11.5, 13], "texture": "#0"},
				"up": {"uv": [12.5, 8.5, 10, 8], "texture": "#0"},
				"down": {"uv": [12.5, 8.5, 10, 9], "texture": "#0"}
			}
		},
		{
			"from": [9.5, 7.5, 7.75],
			"to": [11, 12.25, 8.25],
			"rotation": {"angle": -45, "axis": "z", "origin": [8, 9.5, 8]},
			"faces": {
				"north": {"uv": [8, 0, 9, 2.5], "texture": "#0"},
				"east": {"uv": [7.5, 10, 8, 12.5], "texture": "#0"},
				"south": {"uv": [8, 2.5, 9, 5], "texture": "#0"},
				"west": {"uv": [8, 10, 8.5, 12.5], "texture": "#0"},
				"up": {"uv": [13, 11.5, 12, 11], "texture": "#0"},
				"down": {"uv": [12.5, 12, 11.5, 12.5], "texture": "#0"}
			}
		},
		{
			"from": [7.25, 9.5, 7.75],
			"to": [9.5, 14.25, 8.25],
			"rotation": {"angle": -45, "axis": "z", "origin": [8, 9.5, 8]},
			"faces": {
				"north": {"uv": [0, 8.5, 1, 11], "texture": "#0"},
				"east": {"uv": [8.5, 10, 9, 12.5], "texture": "#0"},
				"south": {"uv": [1, 8.5, 2, 11], "texture": "#0"},
				"west": {"uv": [10, 9, 10.5, 11.5], "texture": "#0"},
				"up": {"uv": [13, 12, 12, 11.5], "texture": "#0"},
				"down": {"uv": [1.5, 12.5, 0.5, 13], "texture": "#0"}
			}
		},
		{
			"from": [5, 11.5, 7.75],
			"to": [7.25, 16, 8.25],
			"rotation": {"angle": -45, "axis": "z", "origin": [8, 9.5, 8]},
			"faces": {
				"north": {"uv": [2, 8.5, 3, 11], "texture": "#0"},
				"east": {"uv": [9, 10.5, 9.5, 13], "texture": "#0"},
				"south": {"uv": [3, 8.5, 4, 11], "texture": "#0"},
				"west": {"uv": [10.5, 9, 11, 11.5], "texture": "#0"},
				"up": {"uv": [2.5, 13, 1.5, 12.5], "texture": "#0"},
				"down": {"uv": [3.5, 12.5, 2.5, 13], "texture": "#0"}
			}
		},
		{
			"from": [3, 13.5, 7.75],
			"to": [5, 17.5, 8.25],
			"rotation": {"angle": -45, "axis": "z", "origin": [8, 9.5, 8]},
			"faces": {
				"north": {"uv": [4, 10, 5, 12], "texture": "#0"},
				"east": {"uv": [9.5, 10.5, 10, 12.5], "texture": "#0"},
				"south": {"uv": [5, 10, 6, 12], "texture": "#0"},
				"west": {"uv": [10, 11.5, 10.5, 13.5], "texture": "#0"},
				"up": {"uv": [4.5, 13, 3.5, 12.5], "texture": "#0"},
				"down": {"uv": [13.5, 4, 12.5, 4.5], "texture": "#0"}
			}
		},
		{
			"from": [-1, 14.5, 7.75],
			"to": [3, 18.5, 8.25],
			"rotation": {"angle": -45, "axis": "z", "origin": [8, 9.5, 8]},
			"faces": {
				"north": {"uv": [0, 6.5, 2, 8.5], "texture": "#0"},
				"east": {"uv": [10.5, 11.5, 11, 13.5], "texture": "#0"},
				"south": {"uv": [2, 6.5, 4, 8.5], "texture": "#0"},
				"west": {"uv": [0, 12, 0.5, 14], "texture": "#0"},
				"up": {"uv": [14, 0.5, 12, 0], "texture": "#0"},
				"down": {"uv": [2.5, 12, 0.5, 12.5], "texture": "#0"}
			}
		},
		{
			"from": [6.5, 5, 6.5],
			"to": [9.5, 6, 9.5],
			"rotation": {"angle": -45, "axis": "y", "origin": [8, 6, 8]},
			"faces": {
				"north": {"uv": [2.5, 12, 4, 12.5], "texture": "#0"},
				"east": {"uv": [12, 2.5, 13.5, 3], "texture": "#0"},
				"south": {"uv": [12, 3, 13.5, 3.5], "texture": "#0"},
				"west": {"uv": [12, 3.5, 13.5, 4], "texture": "#0"},
				"up": {"uv": [9.5, 6.5, 8, 5], "texture": "#0"},
				"down": {"uv": [9, 8.5, 7.5, 10], "texture": "#0"}
			}
		}
	],
	"display": {
		"thirdperson_righthand": {
			"rotation": [-179.74, 90, 176.61],
			"translation": [0, 2.25, 0.5]
		},
		"thirdperson_lefthand": {
			"rotation": [-180, 92, 0],
			"translation": [0, -6, 0.25]
		},
		"firstperson_righthand": {
			"rotation": [-5, 82, 0],
			"translation": [2.25, -0.25, 3.25]
		},
		"firstperson_lefthand": {
			"rotation": [118, 0, 0],
			"translation": [-0.25, -0.75, 12]
		},
		"ground": {
			"rotation": [137, -106, 60],
			"translation": [-1, -0.25, -2.75]
		},
		"gui": {
			"rotation": [0, 0, -45],
			"translation": [-1.5, -1.75, 0],
			"scale": [0.85, 0.85, 0.85]
		},
		"head": {
			"rotation": [-78, -90, 0],
			"translation": [0, 5.75, 4.75]
		},
		"fixed": {
			"rotation": [90, -90, 51],
			"translation": [0, -14, -13],
			"scale": [2, 2, 2]
		}
	},
	"groups": [
		{
			"name": "Sword",
			"origin": [8, 8, 8],
			"color": 0,
			"children": [0, 1, 2, 3, 4, 5, 6, 7, 8, 9, 10, 11, 12, 13, 14]
		}
	]
}