{
	"credit": "Made with Blockbench",
	"textures": {
		"0": "add/item/weapon_bobber/black_bobber",
		"1": "add/item/weapon_handle/wood_handle",
		"2": "add/item/baconator/boute",
		"3": "add/item/baconator/lame_bacon",
		"particle": "add/item/weapon_bobber/black_bobber"
	},
	"elements": [
		{
			"from": [7, 0, 7],
			"to": [9, 2.5, 9],
			"rotation": {"angle": 0, "axis": "y", "origin": [8, 1.25, 8]},
			"faces": {
				"north": {"uv": [0, 0, 2, 2.5], "texture": "#0"},
				"east": {"uv": [0, 0, 2, 2.5], "texture": "#0"},
				"south": {"uv": [0, 0, 2, 2.5], "texture": "#0"},
				"west": {"uv": [0, 0, 2, 2.5], "texture": "#0"},
				"up": {"uv": [0, 0, 2, 2], "texture": "#0"},
				"down": {"uv": [0, 0, 2, 2], "texture": "#0"}
			}
		},
		{
			"from": [7, 5.75, 6],
			"to": [9, 7, 10],
			"rotation": {"angle": 0, "axis": "y", "origin": [8, 7, 8]},
			"faces": {
				"north": {"uv": [6, 5, 8, 6], "texture": "#2"},
				"east": {"uv": [6, 1, 10, 2], "texture": "#2"},
				"south": {"uv": [6, 7, 8, 8], "texture": "#2"},
				"west": {"uv": [6, 2, 10, 3], "texture": "#2"},
				"up": {"uv": [2, 8, 0, 4], "texture": "#2"},
				"down": {"uv": [6, 4, 4, 8], "texture": "#2"}
			}
		},
		{
			"from": [6.75, 6, 7.625],
			"to": [9.25, 6.75, 7.875],
			"rotation": {"angle": 0, "axis": "y", "origin": [7, 7, 8]},
			"faces": {
				"north": {"uv": [6, 5, 8, 6], "texture": "#0"},
				"east": {"uv": [6, 1, 10, 2], "texture": "#0"},
				"south": {"uv": [6, 7, 8, 8], "texture": "#0"},
				"west": {"uv": [6, 2, 10, 3], "texture": "#0"},
				"up": {"uv": [2, 8, 0, 4], "texture": "#0"},
				"down": {"uv": [6, 4, 4, 8], "texture": "#0"}
			}
		},
		{
			"from": [6.75, 6, 8.125],
			"to": [9.25, 6.75, 8.375],
			"rotation": {"angle": 0, "axis": "y", "origin": [7, 7, 8.5]},
			"faces": {
				"north": {"uv": [6, 5, 8, 6], "texture": "#0"},
				"east": {"uv": [6, 1, 10, 2], "texture": "#0"},
				"south": {"uv": [6, 7, 8, 8], "texture": "#0"},
				"west": {"uv": [6, 2, 10, 3], "texture": "#0"},
				"up": {"uv": [2, 8, 0, 4], "texture": "#0"},
				"down": {"uv": [6, 4, 4, 8], "texture": "#0"}
			}
		},
		{
			"from": [7.25, 6, 3],
			"to": [8.75, 7.25, 6.5],
			"rotation": {"angle": 22.5, "axis": "x", "origin": [8, 6.5, 6.5]},
			"faces": {
				"north": {"uv": [2, 0, 4, 1], "texture": "#2"},
				"east": {"uv": [6, 6, 10, 7], "texture": "#2"},
				"south": {"uv": [2, 1, 4, 2], "texture": "#2"},
				"west": {"uv": [6, 0, 10, 1], "texture": "#2"},
				"up": {"uv": [2, 4, 0, 0], "texture": "#2"},
				"down": {"uv": [4, 2, 2, 6], "texture": "#2"}
			}
		},
		{
			"from": [7.25, 6, 9.5],
			"to": [8.75, 7.25, 13],
			"rotation": {"angle": -22.5, "axis": "x", "origin": [8, 6.5, 9.5]},
			"faces": {
				"north": {"uv": [0, 8, 2, 9], "texture": "#2"},
				"east": {"uv": [6, 3, 10, 4], "texture": "#2"},
				"south": {"uv": [4, 8, 6, 9], "texture": "#2"},
				"west": {"uv": [6, 4, 10, 5], "texture": "#2"},
				"up": {"uv": [6, 4, 4, 0], "texture": "#2"},
				"down": {"uv": [4, 6, 2, 10], "texture": "#2"}
			}
		},
		{
			"from": [7, 0.25, 6.75],
			"to": [9, 2.25, 9.25],
			"rotation": {"angle": 0, "axis": "y", "origin": [8, 1.25, 8]},
			"faces": {
				"north": {"uv": [0, 0, 2, 2], "texture": "#0"},
				"east": {"uv": [0, 0, 2.5, 2], "texture": "#0"},
				"south": {"uv": [0, 0, 2, 2], "texture": "#0"},
				"west": {"uv": [0, 0, 2.5, 2], "texture": "#0"},
				"up": {"uv": [0, 0, 2, 2.5], "texture": "#0"},
				"down": {"uv": [0, 0, 2, 2.5], "texture": "#0"}
			}
		},
		{
			"from": [6.75, 0.25, 7],
			"to": [9.25, 2.25, 9],
			"rotation": {"angle": 0, "axis": "y", "origin": [8, 1.25, 8]},
			"faces": {
				"north": {"uv": [0, 0, 2.5, 2], "texture": "#0"},
				"east": {"uv": [0, 0, 2, 2], "texture": "#0"},
				"south": {"uv": [0, 0, 2.5, 2], "texture": "#0"},
				"west": {"uv": [0, 0, 2, 2], "texture": "#0"},
				"up": {"uv": [0, 0, 2, 2.5], "rotation": 270, "texture": "#0"},
				"down": {"uv": [0, 0, 2, 2.5], "rotation": 90, "texture": "#0"}
			}
		},
		{
			"name": "bras",
			"from": [7.25, 2.5, 7.25],
			"to": [8.75, 5.75, 8.75],
			"rotation": {"angle": 0, "axis": "y", "origin": [8, 4.25, 8]},
			"faces": {
				"north": {"uv": [0, 0, 1.5, 3.25], "texture": "#1"},
				"east": {"uv": [0, 0, 1.5, 3.25], "texture": "#1"},
				"south": {"uv": [0, 0, 1.5, 3.25], "texture": "#1"},
				"west": {"uv": [0, 0, 1.5, 3.25], "texture": "#1"}
			}
		},
		{
			"from": [7.5, 6.95, 6.25],
			"to": [8.5, 13.2, 9.75],
			"rotation": {"angle": 0, "axis": "y", "origin": [8, 8.2, 8]},
			"faces": {
				"north": {"uv": [3, 6, 4, 12], "texture": "#3"},
				"east": {"uv": [0, 0, 4, 6], "texture": "#3"},
				"south": {"uv": [9, 0, 10, 6], "texture": "#3"},
				"west": {"uv": [4, 4, 8, 10], "texture": "#3"},
				"up": {"uv": [9, 8, 8, 4], "texture": "#3"},
				"down": {"uv": [1, 10, 0, 14], "texture": "#3"}
			}
		},
		{
			"from": [7.75, 12.45, 6.5],
			"to": [8.25, 16.2, 9.5],
			"rotation": {"angle": 22.5, "axis": "x", "origin": [8, 13.2, 8]},
			"faces": {
				"north": {"uv": [1, 10, 2, 14], "texture": "#3"},
				"east": {"uv": [4, 0, 7, 4], "texture": "#3"},
				"south": {"uv": [2, 10, 3, 14], "texture": "#3"},
				"west": {"uv": [0, 6, 3, 10], "texture": "#3"},
				"up": {"uv": [7, 13, 6, 10], "texture": "#3"},
				"down": {"uv": [8, 10, 7, 13], "texture": "#3"}
			}
		},
		{
			"from": [7.875, 15.45, 8],
			"to": [8.125, 19.2, 10.25],
			"rotation": {"angle": 0, "axis": "x", "origin": [8, 16.2, 9]},
			"faces": {
				"north": {"uv": [4, 10, 5, 14], "texture": "#3"},
				"east": {"uv": [7, 0, 9, 4], "texture": "#3"},
				"south": {"uv": [5, 10, 6, 14], "texture": "#3"},
				"west": {"uv": [8, 8, 10, 12], "texture": "#3"},
				"up": {"uv": [10, 8, 9, 6], "texture": "#3"},
				"down": {"uv": [11, 10, 10, 12], "texture": "#3"}
			}
		},
		{
			"from": [7.925, 19.2, 8],
			"to": [8.05, 21.2, 8.75],
			"rotation": {"angle": 22.5, "axis": "x", "origin": [8, 19.2, 8]},
			"faces": {
				"north": {"uv": [10, 0, 11, 2], "texture": "#3"},
				"east": {"uv": [10, 2, 11, 4], "texture": "#3"},
				"south": {"uv": [10, 4, 11, 6], "texture": "#3"},
				"west": {"uv": [10, 6, 11, 8], "texture": "#3"},
				"up": {"uv": [12, 5, 11, 4], "texture": "#3"},
				"down": {"uv": [12, 5, 11, 6], "texture": "#3"}
			}
		},
		{
			"from": [7.924, 19.2, 9.5],
			"to": [8.049, 21.2, 10.25],
			"rotation": {"angle": -22.5, "axis": "x", "origin": [8, 19.2, 10.25]},
			"faces": {
				"north": {"uv": [10, 8, 11, 10], "texture": "#3"},
				"east": {"uv": [11, 11, 12, 13], "texture": "#3"},
				"south": {"uv": [11, 0, 12, 2], "texture": "#3"},
				"west": {"uv": [11, 2, 12, 4], "texture": "#3"},
				"up": {"uv": [12, 7, 11, 6], "texture": "#3"},
				"down": {"uv": [12, 7, 11, 8], "texture": "#3"}
			}
		}
	],
	"gui_light": "front",
	"display": {
		"thirdperson_righthand": {
			"rotation": [0, -180, 0],
			"translation": [0, 2.25, 0]
		},
		"thirdperson_lefthand": {
			"rotation": [-180, -180, 0],
			"translation": [0, -6, 0]
		},
		"firstperson_righthand": {
			"rotation": [-23.75, 177, 0],
			"translation": [0.25, 2.25, 0.25]
		},
		"firstperson_lefthand": {
			"rotation": [109.25, -180, 0],
			"translation": [0.25, 0.5, 7.25]
		},
		"ground": {
			"translation": [0, 5.25, 0]
		},
		"gui": {
			"rotation": [-90, -47, -90],
			"translation": [-1.25, -1.5, 0],
			"scale": [0.9, 0.9, 0.9]
		},
		"head": {
			"rotation": [-103.25, 0, 0],
			"translation": [0, -3.25, -2.75]
		},
		"fixed": {
			"rotation": [-90, -127.5, -90],
			"translation": [0, -1.5, 0]
		}
	},
	"groups": [
		{
			"name": "poigne",
			"origin": [8, 8, 8],
			"children": [0, 1, 2, 3, 4, 5, 6, 7]
		}, 8,
		{
			"name": "lame",
			"origin": [8, 19.2, 10.25],
			"children": [9, 10, 11, 12, 13]
		}
	]
}