{
	"credit": "Made with Blockbench",
	"textures": {
		"0": "add/item/weapon_handle/deep_blue",
		"1": "add/item/weapon_handle/gold",
		"2": "add/item/coupe_trophee/ruby",
		"3": "add/item/coupe_trophee/lame",
		"particle": "add/item/weapon_handle/deep_blue"
	},
	"elements": [
		{
			"from": [8.75, 3.375, 7.25],
			"to": [9.25, 5.375, 9.25],
			"rotation": {"angle": 45, "axis": "x", "origin": [9, 4.625, 8]},
			"faces": {
				"north": {"uv": [4, 10, 5, 12], "texture": "#3"},
				"east": {"uv": [2, 0, 4, 2], "texture": "#3"},
				"south": {"uv": [5, 10, 6, 12], "texture": "#3"},
				"west": {"uv": [4, 0, 6, 2], "texture": "#3"},
				"up": {"uv": [11, 12, 10, 10], "texture": "#3"},
				"down": {"uv": [11, 0, 10, 2], "texture": "#3"}
			}
		},
		{
			"from": [8.875, 7.875, 7.5],
			"to": [9.125, 9.625, 9.25],
			"rotation": {"angle": 45, "axis": "x", "origin": [9, 9.125, 8]},
			"faces": {
				"north": {"uv": [10, 8, 11, 10], "texture": "#3"},
				"east": {"uv": [4, 2, 6, 4], "texture": "#3"},
				"south": {"uv": [11, 11, 12, 13], "texture": "#3"},
				"west": {"uv": [9, 6, 11, 8], "texture": "#3"},
				"up": {"uv": [12, 2, 11, 0], "texture": "#3"},
				"down": {"uv": [12, 2, 11, 4], "texture": "#3"}
			}
		},
		{
			"from": [8.8125, 4, 7],
			"to": [9.1875, 10, 9],
			"rotation": {"angle": 0, "axis": "x", "origin": [9, 6.875, 8]},
			"faces": {
				"north": {"uv": [2, 9, 3, 15], "texture": "#3"},
				"east": {"uv": [4, 4, 6, 10], "texture": "#3"},
				"south": {"uv": [3, 9, 4, 15], "texture": "#3"},
				"west": {"uv": [6, 6, 8, 12], "texture": "#3"},
				"up": {"uv": [11, 4, 10, 2], "texture": "#3"},
				"down": {"uv": [11, 4, 10, 6], "texture": "#3"}
			}
		},
		{
			"from": [8.875, 10, 7.125],
			"to": [9.125, 16, 8.875],
			"rotation": {"angle": 0, "axis": "x", "origin": [9, 12.875, 8]},
			"faces": {
				"north": {"uv": [9, 9, 10, 15], "texture": "#3"},
				"east": {"uv": [6, 0, 8, 6], "texture": "#3"},
				"south": {"uv": [9, 0, 10, 6], "texture": "#3"},
				"west": {"uv": [0, 7, 2, 13], "texture": "#3"},
				"up": {"uv": [12, 6, 11, 4], "texture": "#3"},
				"down": {"uv": [12, 6, 11, 8], "texture": "#3"}
			}
		},
		{
			"from": [8.9375, 16, 7.1775],
			"to": [9.0625, 22.75, 8.8025],
			"rotation": {"angle": 0, "axis": "x", "origin": [9, 18.875, 8]},
			"faces": {
				"north": {"uv": [8, 8, 9, 15], "texture": "#3"},
				"east": {"uv": [0, 0, 2, 7], "texture": "#3"},
				"south": {"uv": [8, 0, 9, 7], "texture": "#3"},
				"west": {"uv": [2, 2, 4, 9], "texture": "#3"},
				"up": {"uv": [12, 10, 11, 8], "texture": "#3"},
				"down": {"uv": [5, 12, 4, 14], "texture": "#3"}
			}
		},
		{
			"from": [8.95, 22.25, 7.45],
			"to": [9.05, 23.375, 8.575],
			"rotation": {"angle": 45, "axis": "x", "origin": [9, 22.8125, 7.8875]},
			"faces": {
				"north": {"uv": [8, 7, 9, 8], "texture": "#3"},
				"east": {"uv": [9, 8, 10, 9], "texture": "#3"},
				"south": {"uv": [11, 10, 12, 11], "texture": "#3"},
				"west": {"uv": [5, 12, 6, 13], "texture": "#3"},
				"up": {"uv": [7, 13, 6, 12], "texture": "#3"},
				"down": {"uv": [8, 12, 7, 13], "texture": "#3"}
			}
		},
		{
			"from": [8.5, -9, 7.25],
			"to": [9.5, -6.25, 8.75],
			"rotation": {"angle": 0, "axis": "y", "origin": [9, -8.75, 8]},
			"faces": {
				"north": {"uv": [0, 0, 1.5, 3], "texture": "#1"},
				"east": {"uv": [0, 0, 2, 3], "texture": "#1"},
				"south": {"uv": [0, 0, 1.5, 3], "texture": "#1"},
				"west": {"uv": [0, 0, 2, 3], "texture": "#1"},
				"up": {"uv": [0, 0, 1.5, 2], "texture": "#1"},
				"down": {"uv": [0, 0, 1.5, 2], "texture": "#1"}
			}
		},
		{
			"from": [8.25, 0, 7],
			"to": [9.75, 0.5, 9],
			"rotation": {"angle": 0, "axis": "y", "origin": [9, 0.5, 8]},
			"faces": {
				"north": {"uv": [0, 0, 1.5, 0.5], "texture": "#1"},
				"east": {"uv": [0, 0, 2, 0.5], "texture": "#1"},
				"south": {"uv": [0, 0, 1.5, 0.5], "texture": "#1"},
				"west": {"uv": [0, 0, 2, 0.5], "texture": "#1"},
				"up": {"uv": [0, 0, 1.5, 2], "texture": "#1"},
				"down": {"uv": [0, 0, 1.5, 2], "texture": "#1"}
			}
		},
		{
			"from": [8.5, 0.5, 8.25],
			"to": [9.5, 0.75, 8.75],
			"rotation": {"angle": 0, "axis": "y", "origin": [9, 3.5, 8]},
			"faces": {
				"north": {"uv": [0, 0, 1, 0.25], "texture": "#1"},
				"east": {"uv": [0, 0, 0.5, 0.25], "texture": "#1"},
				"south": {"uv": [0, 0, 1, 0.25], "texture": "#1"},
				"west": {"uv": [0, 0, 0.5, 0.25], "texture": "#1"},
				"up": {"uv": [0, 0, 1, 0.5], "texture": "#1"},
				"down": {"uv": [0, 0, 1, 0.5], "texture": "#1"}
			}
		},
		{
			"from": [8.5, 0.25, 8.25],
			"to": [9.5, 1.75, 8.75],
			"rotation": {"angle": -22.5, "axis": "x", "origin": [9, 3.5, 8]},
			"faces": {
				"north": {"uv": [0, 0, 1, 0.75], "texture": "#1"},
				"east": {"uv": [0, 0, 0.5, 0.75], "texture": "#1"},
				"south": {"uv": [0, 0, 1, 0.75], "texture": "#1"},
				"west": {"uv": [0, 0, 0.5, 0.75], "texture": "#1"},
				"up": {"uv": [0, 0, 1, 0.5], "texture": "#1"},
				"down": {"uv": [0, 0, 1, 0.5], "texture": "#1"}
			}
		},
		{
			"from": [8.5, 0.25, 8.25],
			"to": [9.5, 1.75, 8.75],
			"rotation": {"angle": -45, "axis": "x", "origin": [9, 3.5, 8]},
			"faces": {
				"north": {"uv": [0, 0, 1, 0.75], "texture": "#1"},
				"east": {"uv": [0, 0, 0.5, 0.75], "texture": "#1"},
				"south": {"uv": [0, 0, 1, 0.75], "texture": "#1"},
				"west": {"uv": [0, 0, 0.5, 0.75], "texture": "#1"},
				"up": {"uv": [0, 0, 1, 0.5], "texture": "#1"},
				"down": {"uv": [0, 0, 1, 0.5], "texture": "#1"}
			}
		},
		{
			"from": [8.5, 3.75, 9.75],
			"to": [9.5, 4.25, 11.25],
			"rotation": {"angle": 22.5, "axis": "x", "origin": [9, 3.5, 8]},
			"faces": {
				"north": {"uv": [0, 0, 1, 0.5], "rotation": 180, "texture": "#1"},
				"east": {"uv": [0, 0, 0.5, 0.75], "rotation": 90, "texture": "#1"},
				"south": {"uv": [0, 0, 1, 0.5], "texture": "#1"},
				"west": {"uv": [0, 0, 0.5, 0.75], "rotation": 270, "texture": "#1"},
				"up": {"uv": [0, 0, 1, 0.75], "texture": "#1"},
				"down": {"uv": [0, 0, 1, 0.75], "rotation": 180, "texture": "#1"}
			}
		},
		{
			"from": [8.5, 3.75, 9.75],
			"to": [9.5, 4.25, 11.25],
			"rotation": {"angle": 0, "axis": "x", "origin": [9, 3.5, 8]},
			"faces": {
				"north": {"uv": [0, 0, 1, 0.5], "rotation": 180, "texture": "#1"},
				"east": {"uv": [0, 0, 0.5, 1.5], "rotation": 90, "texture": "#1"},
				"south": {"uv": [0, 0, 1, 0.5], "texture": "#1"},
				"west": {"uv": [0, 0, 0.5, 1.5], "rotation": 270, "texture": "#1"},
				"up": {"uv": [0, 0, 1, 1.5], "texture": "#1"},
				"down": {"uv": [0, 0, 1, 1.5], "rotation": 180, "texture": "#1"}
			}
		},
		{
			"from": [8.5, 0.5, 7.25],
			"to": [9.5, 0.75, 7.75],
			"rotation": {"angle": 0, "axis": "y", "origin": [9, 3.5, 8]},
			"faces": {
				"north": {"uv": [0, 0, 1, 0.25], "texture": "#1"},
				"east": {"uv": [0, 0, 0.5, 0.25], "texture": "#1"},
				"south": {"uv": [0, 0, 1, 0.25], "texture": "#1"},
				"west": {"uv": [0, 0, 0.5, 0.25], "texture": "#1"},
				"up": {"uv": [0, 0, 1, 0.5], "texture": "#1"},
				"down": {"uv": [0, 0, 1, 0.5], "texture": "#1"}
			}
		},
		{
			"from": [8.5, 0.25, 7.25],
			"to": [9.5, 1.75, 7.75],
			"rotation": {"angle": 22.5, "axis": "x", "origin": [9, 3.5, 8]},
			"faces": {
				"north": {"uv": [0, 0, 1, 0.75], "texture": "#1"},
				"east": {"uv": [0, 0, 0.5, 0.75], "texture": "#1"},
				"south": {"uv": [0, 0, 1, 0.75], "texture": "#1"},
				"west": {"uv": [0, 0, 0.5, 0.75], "texture": "#1"},
				"up": {"uv": [0, 0, 1, 0.5], "texture": "#1"},
				"down": {"uv": [0, 0, 1, 0.5], "texture": "#1"}
			}
		},
		{
			"from": [8.5, 0.25, 7.25],
			"to": [9.5, 1.75, 7.75],
			"rotation": {"angle": 45, "axis": "x", "origin": [9, 3.5, 8]},
			"faces": {
				"north": {"uv": [0, 0, 1, 0.75], "texture": "#1"},
				"east": {"uv": [0, 0, 0.5, 0.75], "texture": "#1"},
				"south": {"uv": [0, 0, 1, 0.75], "texture": "#1"},
				"west": {"uv": [0, 0, 0.5, 0.75], "texture": "#1"},
				"up": {"uv": [0, 0, 1, 0.5], "texture": "#1"},
				"down": {"uv": [0, 0, 1, 0.5], "texture": "#1"}
			}
		},
		{
			"from": [8.5, 3.75, 4.75],
			"to": [9.5, 4.25, 6.25],
			"rotation": {"angle": -22.5, "axis": "x", "origin": [9, 3.5, 8]},
			"faces": {
				"north": {"uv": [0, 0, 1, 0.5], "rotation": 180, "texture": "#1"},
				"east": {"uv": [0, 0, 0.5, 0.75], "rotation": 270, "texture": "#1"},
				"south": {"uv": [0, 0, 1, 0.5], "texture": "#1"},
				"west": {"uv": [0, 0, 0.5, 0.75], "rotation": 90, "texture": "#1"},
				"up": {"uv": [0, 0, 1, 0.75], "rotation": 180, "texture": "#1"},
				"down": {"uv": [0, 0, 1, 0.75], "texture": "#1"}
			}
		},
		{
			"from": [8.5, 3.75, 4.75],
			"to": [9.5, 4.25, 6.25],
			"rotation": {"angle": 0, "axis": "x", "origin": [9, 3.5, 8]},
			"faces": {
				"north": {"uv": [0, 0, 1, 0.5], "rotation": 180, "texture": "#1"},
				"east": {"uv": [0, 0, 0.5, 1.5], "rotation": 270, "texture": "#1"},
				"south": {"uv": [0, 0, 1, 0.5], "texture": "#1"},
				"west": {"uv": [0, 0, 0.5, 1.5], "rotation": 90, "texture": "#1"},
				"up": {"uv": [0, 0, 1, 1.5], "rotation": 180, "texture": "#1"},
				"down": {"uv": [0, 0, 1, 1.5], "texture": "#1"}
			}
		},
		{
			"from": [8.25, 0.75, 7],
			"to": [9.75, 3.5, 9],
			"rotation": {"angle": 0, "axis": "y", "origin": [9, 1, 8]},
			"faces": {
				"north": {"uv": [0, 0, 1.5, 2.75], "texture": "#1"},
				"east": {"uv": [0, 0, 2, 2.75], "texture": "#1"},
				"south": {"uv": [0, 0, 1.5, 2.75], "texture": "#1"},
				"west": {"uv": [0, 0, 2, 2.75], "texture": "#1"},
				"up": {"uv": [0, 0, 1.5, 2], "texture": "#1"},
				"down": {"uv": [0, 0, 1.5, 2], "texture": "#1"}
			}
		},
		{
			"from": [8.25, 1, 6.25],
			"to": [9.75, 3.25, 7],
			"rotation": {"angle": 0, "axis": "y", "origin": [9, 1, 6]},
			"faces": {
				"north": {"uv": [0, 0, 1.5, 2.75], "texture": "#1"},
				"east": {"uv": [0, 0, 2, 2.75], "texture": "#1"},
				"south": {"uv": [0, 0, 1.5, 2.75], "texture": "#1"},
				"west": {"uv": [0, 0, 2, 2.75], "texture": "#1"},
				"up": {"uv": [0, 0, 1.5, 2], "texture": "#1"},
				"down": {"uv": [0, 0, 1.5, 2], "texture": "#1"}
			}
		},
		{
			"from": [8.375, 1.5, 5.75],
			"to": [9.625, 3.75, 6.25],
			"rotation": {"angle": 0, "axis": "y", "origin": [9, 1.5, 5.25]},
			"faces": {
				"north": {"uv": [0, 0, 1.5, 2.75], "texture": "#1"},
				"east": {"uv": [0, 0, 2, 2.75], "texture": "#1"},
				"south": {"uv": [0, 0, 1.5, 2.75], "texture": "#1"},
				"west": {"uv": [0, 0, 2, 2.75], "texture": "#1"},
				"up": {"uv": [0, 0, 1.5, 2], "texture": "#1"},
				"down": {"uv": [0, 0, 1.5, 2], "texture": "#1"}
			}
		},
		{
			"from": [8.375, 1.5, 9.75],
			"to": [9.625, 3.75, 10.25],
			"rotation": {"angle": 0, "axis": "y", "origin": [9, 1.5, 9.25]},
			"faces": {
				"north": {"uv": [0, 0, 1.5, 2.75], "texture": "#1"},
				"east": {"uv": [0, 0, 2, 2.75], "texture": "#1"},
				"south": {"uv": [0, 0, 1.5, 2.75], "texture": "#1"},
				"west": {"uv": [0, 0, 2, 2.75], "texture": "#1"},
				"up": {"uv": [0, 0, 1.5, 2], "texture": "#1"},
				"down": {"uv": [0, 0, 1.5, 2], "texture": "#1"}
			}
		},
		{
			"from": [8.375, 2.25, 10.25],
			"to": [9.625, 3.75, 10.75],
			"rotation": {"angle": 0, "axis": "y", "origin": [9, 1.5, 9.75]},
			"faces": {
				"north": {"uv": [0, 0, 1.5, 2.75], "texture": "#1"},
				"east": {"uv": [0, 0, 2, 2.75], "texture": "#1"},
				"south": {"uv": [0, 0, 1.5, 2.75], "texture": "#1"},
				"west": {"uv": [0, 0, 2, 2.75], "texture": "#1"},
				"up": {"uv": [0, 0, 1.5, 2], "texture": "#1"},
				"down": {"uv": [0, 0, 1.5, 2], "texture": "#1"}
			}
		},
		{
			"from": [8.375, 2.25, 5.25],
			"to": [9.625, 3.75, 5.75],
			"rotation": {"angle": 0, "axis": "y", "origin": [9, 1.5, 4.75]},
			"faces": {
				"north": {"uv": [0, 0, 1.5, 2.75], "texture": "#1"},
				"east": {"uv": [0, 0, 2, 2.75], "texture": "#1"},
				"south": {"uv": [0, 0, 1.5, 2.75], "texture": "#1"},
				"west": {"uv": [0, 0, 2, 2.75], "texture": "#1"},
				"up": {"uv": [0, 0, 1.5, 2], "texture": "#1"},
				"down": {"uv": [0, 0, 1.5, 2], "texture": "#1"}
			}
		},
		{
			"from": [8.25, 1, 9],
			"to": [9.75, 3.25, 9.75],
			"rotation": {"angle": 0, "axis": "y", "origin": [9, 1, 10]},
			"faces": {
				"north": {"uv": [0, 0, 1.5, 2.75], "texture": "#1"},
				"east": {"uv": [0, 0, 2, 2.75], "texture": "#1"},
				"south": {"uv": [0, 0, 1.5, 2.75], "texture": "#1"},
				"west": {"uv": [0, 0, 2, 2.75], "texture": "#1"},
				"up": {"uv": [0, 0, 1.5, 2], "texture": "#1"},
				"down": {"uv": [0, 0, 1.5, 2], "texture": "#1"}
			}
		},
		{
			"from": [8.25, 3.5, 6.5],
			"to": [9.75, 4, 9.5],
			"rotation": {"angle": 0, "axis": "y", "origin": [9, 4, 8]},
			"faces": {
				"north": {"uv": [0, 0, 1.5, 0.5], "texture": "#1"},
				"east": {"uv": [0, 0, 3, 0.5], "texture": "#1"},
				"south": {"uv": [0, 0, 1.5, 0.5], "texture": "#1"},
				"west": {"uv": [0, 0, 3, 0.5], "texture": "#1"},
				"up": {"uv": [0, 0, 1.5, 3], "texture": "#1"},
				"down": {"uv": [0, 0, 1.5, 3], "texture": "#1"}
			}
		},
		{
			"from": [8.25, 4, 6.5],
			"to": [9.75, 4.25, 7.25],
			"rotation": {"angle": 0, "axis": "y", "origin": [9, 4.25, 8]},
			"faces": {
				"north": {"uv": [0, 0, 1.5, 0.5], "texture": "#1"},
				"east": {"uv": [0, 0, 3, 0.5], "texture": "#1"},
				"south": {"uv": [0, 0, 1.5, 0.5], "texture": "#1"},
				"west": {"uv": [0, 0, 3, 0.5], "texture": "#1"},
				"up": {"uv": [0, 0, 1.5, 3], "texture": "#1"},
				"down": {"uv": [0, 0, 1.5, 3], "texture": "#1"}
			}
		},
		{
			"from": [8.25, 4, 8.75],
			"to": [9.75, 4.25, 9.5],
			"rotation": {"angle": 0, "axis": "y", "origin": [9, 4.25, 10.25]},
			"faces": {
				"north": {"uv": [0, 0, 1.5, 0.5], "texture": "#1"},
				"east": {"uv": [0, 0, 3, 0.5], "texture": "#1"},
				"south": {"uv": [0, 0, 1.5, 0.5], "texture": "#1"},
				"west": {"uv": [0, 0, 3, 0.5], "texture": "#1"},
				"up": {"uv": [0, 0, 1.5, 3], "texture": "#1"},
				"down": {"uv": [0, 0, 1.5, 3], "texture": "#1"}
			}
		},
		{
			"from": [8.25, -8.75, 7],
			"to": [9.75, -6.75, 9],
			"rotation": {"angle": 0, "axis": "y", "origin": [9, -8.75, 8]},
			"faces": {
				"north": {"uv": [0, 0, 1.5, 2], "texture": "#1"},
				"east": {"uv": [0, 0, 2.5, 2], "texture": "#1"},
				"south": {"uv": [0, 0, 1.5, 2], "texture": "#1"},
				"west": {"uv": [0, 0, 2.5, 2], "texture": "#1"},
				"up": {"uv": [0, 0, 1.5, 2.5], "texture": "#1"},
				"down": {"uv": [0, 0, 1.5, 2.5], "texture": "#1"}
			}
		},
		{
			"from": [8, -8.375, 7.375],
			"to": [10, -7.125, 8.625],
			"rotation": {"angle": 0, "axis": "y", "origin": [9, -8.75, 8]},
			"faces": {
				"north": {"uv": [0, 0, 2, 2], "texture": "#2"},
				"east": {"uv": [0, 0, 2, 2], "texture": "#2"},
				"south": {"uv": [0, 0, 2, 2], "texture": "#2"},
				"west": {"uv": [0, 0, 2, 2], "texture": "#2"},
				"up": {"uv": [0, 0, 2, 2], "texture": "#2"},
				"down": {"uv": [0, 0, 2, 2], "texture": "#2"}
			}
		},
		{
			"from": [8, 1.375, 7.25],
			"to": [10, 2.875, 8.75],
			"rotation": {"angle": 0, "axis": "y", "origin": [9, 1.25, 8]},
			"faces": {
				"north": {"uv": [0, 0, 2, 2], "texture": "#2"},
				"east": {"uv": [0, 0, 2, 2], "texture": "#2"},
				"south": {"uv": [0, 0, 2, 2], "texture": "#2"},
				"west": {"uv": [0, 0, 2, 2], "texture": "#2"},
				"up": {"uv": [0, 0, 2, 2], "texture": "#2"},
				"down": {"uv": [0, 0, 2, 2], "texture": "#2"}
			}
		},
		{
			"from": [8.625, -6.25, 7.375],
			"to": [9.375, 0, 8.625],
			"rotation": {"angle": 0, "axis": "y", "origin": [9, -6, 8]},
			"faces": {
				"north": {"uv": [0, 0, 1.25, 6.25], "texture": "#0"},
				"east": {"uv": [0, 0, 1.75, 6.25], "texture": "#0"},
				"south": {"uv": [0, 0, 1.25, 6.25], "texture": "#0"},
				"west": {"uv": [0, 0, 1.75, 6.25], "texture": "#0"},
				"up": {"uv": [0, 0, 1.25, 1.75], "texture": "#0"},
				"down": {"uv": [0, 0, 1.25, 1.75], "texture": "#0"}
			}
		},
		{
			"from": [8.75, 3, 10.5],
			"to": [9.25, 3.75, 11.25],
			"rotation": {"angle": 22.5, "axis": "x", "origin": [9, 3.5, 8]},
			"faces": {
				"north": {"uv": [0, 0, 0.5, 0.75], "rotation": 180, "texture": "#0"},
				"east": {"uv": [0, 0, 0.75, 0.75], "rotation": 90, "texture": "#0"},
				"south": {"uv": [0, 0, 0.5, 0.75], "texture": "#0"},
				"west": {"uv": [0, 0, 0.75, 0.75], "rotation": 270, "texture": "#0"},
				"up": {"uv": [0, 0, 0.5, 0.75], "texture": "#0"},
				"down": {"uv": [0, 0, 0.5, 0.75], "rotation": 180, "texture": "#0"}
			}
		},
		{
			"from": [8.75, 0.25, 7.5],
			"to": [9.25, 1, 8.25],
			"rotation": {"angle": -45, "axis": "x", "origin": [9, 3.5, 8]},
			"faces": {
				"north": {"uv": [0, 0, 0.5, 0.75], "texture": "#0"},
				"east": {"uv": [0, 0, 0.75, 0.75], "texture": "#0"},
				"south": {"uv": [0, 0, 0.5, 0.75], "texture": "#0"},
				"west": {"uv": [0, 0, 0.75, 0.75], "texture": "#0"},
				"up": {"uv": [0, 0, 0.5, 0.75], "texture": "#0"},
				"down": {"uv": [0, 0, 0.5, 0.75], "texture": "#0"}
			}
		},
		{
			"from": [8.75, 0.25, 7.5],
			"to": [9.25, 1, 8.25],
			"rotation": {"angle": -22.5, "axis": "x", "origin": [9, 3.5, 8]},
			"faces": {
				"north": {"uv": [0, 0, 0.5, 0.75], "texture": "#0"},
				"east": {"uv": [0, 0, 0.75, 0.75], "texture": "#0"},
				"south": {"uv": [0, 0, 0.5, 0.75], "texture": "#0"},
				"west": {"uv": [0, 0, 0.75, 0.75], "texture": "#0"},
				"up": {"uv": [0, 0, 0.5, 0.75], "texture": "#0"},
				"down": {"uv": [0, 0, 0.5, 0.75], "texture": "#0"}
			}
		},
		{
			"from": [8.75, 0.25, 7.75],
			"to": [9.25, 1, 8.5],
			"rotation": {"angle": 22.5, "axis": "x", "origin": [9, 3.5, 8]},
			"faces": {
				"north": {"uv": [0, 0, 0.5, 0.75], "texture": "#0"},
				"east": {"uv": [0, 0, 0.75, 0.75], "texture": "#0"},
				"south": {"uv": [0, 0, 0.5, 0.75], "texture": "#0"},
				"west": {"uv": [0, 0, 0.75, 0.75], "texture": "#0"},
				"up": {"uv": [0, 0, 0.5, 0.75], "texture": "#0"},
				"down": {"uv": [0, 0, 0.5, 0.75], "texture": "#0"}
			}
		},
		{
			"from": [8.75, 0.25, 7.75],
			"to": [9.25, 1, 8.5],
			"rotation": {"angle": 45, "axis": "x", "origin": [9, 3.5, 8]},
			"faces": {
				"north": {"uv": [0, 0, 0.5, 0.75], "texture": "#0"},
				"east": {"uv": [0, 0, 0.75, 0.75], "texture": "#0"},
				"south": {"uv": [0, 0, 0.5, 0.75], "texture": "#0"},
				"west": {"uv": [0, 0, 0.75, 0.75], "texture": "#0"},
				"up": {"uv": [0, 0, 0.5, 0.75], "texture": "#0"},
				"down": {"uv": [0, 0, 0.5, 0.75], "texture": "#0"}
			}
		},
		{
			"from": [8.75, 3, 4.75],
			"to": [9.25, 3.75, 5.5],
			"rotation": {"angle": -22.5, "axis": "x", "origin": [9, 3.5, 8]},
			"faces": {
				"north": {"uv": [0, 0, 0.5, 0.75], "rotation": 180, "texture": "#0"},
				"east": {"uv": [0, 0, 0.75, 0.75], "rotation": 270, "texture": "#0"},
				"south": {"uv": [0, 0, 0.5, 0.75], "texture": "#0"},
				"west": {"uv": [0, 0, 0.75, 0.75], "rotation": 90, "texture": "#0"},
				"up": {"uv": [0, 0, 0.5, 0.75], "rotation": 180, "texture": "#0"},
				"down": {"uv": [0, 0, 0.5, 0.75], "texture": "#0"}
			}
		},
		{
			"from": [8.75, 0.5, 7.25],
			"to": [9.25, 0.75, 8.75],
			"rotation": {"angle": 0, "axis": "y", "origin": [9, 3.5, 8]},
			"faces": {
				"north": {"uv": [0, 0, 0.5, 0.25], "texture": "#0"},
				"east": {"uv": [0, 0, 1.5, 0.25], "texture": "#0"},
				"south": {"uv": [0, 0, 0.5, 0.25], "texture": "#0"},
				"west": {"uv": [0, 0, 1.5, 0.25], "texture": "#0"},
				"up": {"uv": [0, 0, 0.5, 1.5], "texture": "#0"},
				"down": {"uv": [0, 0, 0.5, 1.5], "texture": "#0"}
			}
		},
		{
			"from": [8.75, 3, 10.5],
			"to": [9.25, 3.75, 11.25],
			"rotation": {"angle": 0, "axis": "x", "origin": [9, 3.5, 8]},
			"faces": {
				"north": {"uv": [0, 0, 0.5, 0.75], "rotation": 180, "texture": "#0"},
				"east": {"uv": [0, 0, 0.75, 0.75], "rotation": 90, "texture": "#0"},
				"south": {"uv": [0, 0, 0.5, 0.75], "texture": "#0"},
				"west": {"uv": [0, 0, 0.75, 0.75], "rotation": 270, "texture": "#0"},
				"up": {"uv": [0, 0, 0.5, 0.75], "texture": "#0"},
				"down": {"uv": [0, 0, 0.5, 0.75], "rotation": 180, "texture": "#0"}
			}
		},
		{
			"from": [8.75, 3, 4.75],
			"to": [9.25, 3.75, 5.5],
			"rotation": {"angle": 0, "axis": "x", "origin": [9, 3.5, 8]},
			"faces": {
				"north": {"uv": [0, 0, 0.5, 1], "rotation": 180, "texture": "#0"},
				"east": {"uv": [0, 0, 1, 0.75], "rotation": 270, "texture": "#0"},
				"south": {"uv": [0, 0, 0.5, 1], "texture": "#0"},
				"west": {"uv": [0, 0, 1, 0.75], "rotation": 90, "texture": "#0"},
				"up": {"uv": [0, 0, 0.5, 0.75], "rotation": 180, "texture": "#0"},
				"down": {"uv": [0, 0, 0.5, 0.75], "texture": "#0"}
			}
		}
	],
	"display": {
		"thirdperson_righthand": {
			"translation": [-1.25, 9.75, 0.25]
		},
		"thirdperson_lefthand": {
			"rotation": [-179.5, 2.5, 0],
			"translation": [1, -11.5, 0.25]
		},
		"firstperson_righthand": {
			"rotation": [-15, 0, 0],
			"translation": [0, 8.5, -0.25]
		},
		"firstperson_lefthand": {
			"rotation": [106.5, 0, 0],
			"translation": [-1.25, 0.25, 22]
		},
		"ground": {
			"rotation": [-177.75, 0, 0],
			"translation": [-0.75, -3.5, 0.5]
		},
		"gui": {
			"rotation": [42.5, 48.5, -79.5],
			"translation": [0.25, 1, 0],
			"scale": [0.8, 0.8, 0.8]
		},
		"head": {
			"rotation": [131.75, 64.75, 53.5],
			"translation": [2.25, 5.5, -5.5]
		},
		"fixed": {
			"rotation": [97.25, 0, 0],
			"translation": [-3.75, 3.5, -8.75],
			"scale": [3, 3, 3]
		}
	},
	"groups": [
		{
			"name": "epe",
			"origin": [8, 8, 8],
			"children": [
				{
					"name": "lame",
					"origin": [8, 8, 8],
					"children": [0, 1, 2, 3, 4, 5]
				},
				{
					"name": "manche",
					"origin": [9, 0.5, 8],
					"children": [
						{
							"name": "bout",
							"origin": [9, 0.5, 8],
							"children": [6, 7, 8, 9, 10, 11, 12, 13, 14, 15, 16, 17, 18, 19, 20, 21, 22, 23, 24, 25, 26, 27, 28, 29, 30]
						},
						{
							"name": "handle",
							"origin": [9, 3.25, 8],
							"children": [31]
						},
						{
							"name": "sous",
							"origin": [9, 0.5, 8],
							"children": [32, 33, 34, 35, 36, 37, 38, 39, 40]
						}
					]
				}
			]
		}
	]
}