{
	"credit": "Made with Blockbench",
	"textures": {
		"0": "item/hit_grim_reaper",
		"1": "item/cross_grim_reaper",
		"2": "item/handle_grim_reaper",
		"particle": "item/hit_grim_reaper"
	},
	"elements": [
		{
			"from": [8, 0.75, 8],
			"to": [8, 1.5, 8.25],
			"rotation": {"angle": -22.5, "axis": "x", "origin": [8, 1.25, 8]},
			"faces": {
				"north": {"uv": [0, 0, 0, 0.75], "rotation": 180, "texture": "#missing"},
				"east": {"uv": [0, 0, 0.25, 0.75], "rotation": 180, "texture": "#1"},
				"south": {"uv": [0, 0, 0, 0.75], "rotation": 180, "texture": "#missing"},
				"west": {"uv": [0, 0, 0.25, 0.75], "rotation": 180, "texture": "#1"},
				"up": {"uv": [0, 0, 0, 0.25], "texture": "#missing"},
				"down": {"uv": [0, 0, 0, 0.25], "texture": "#missing"}
			}
		},
		{
			"from": [8, 0.75, 7.75],
			"to": [8, 1.5, 8],
			"rotation": {"angle": 22.5, "axis": "x", "origin": [8, 1.25, 8]},
			"faces": {
				"north": {"uv": [0, 0, 0, 0.75], "rotation": 180, "texture": "#missing"},
				"east": {"uv": [0, 0, 0.25, 0.75], "rotation": 180, "texture": "#1"},
				"south": {"uv": [0, 0, 0, 0.75], "rotation": 180, "texture": "#missing"},
				"west": {"uv": [0, 0, 0.25, 0.75], "rotation": 180, "texture": "#1"},
				"up": {"uv": [0, 0, 0, 0.25], "texture": "#missing"},
				"down": {"uv": [0, 0, 0, 0.25], "texture": "#missing"}
			}
		},
		{
			"from": [8, 0.25, 8],
			"to": [8, 1, 8.25],
			"rotation": {"angle": 22.5, "axis": "x", "origin": [8, 0.5, 8]},
			"faces": {
				"north": {"uv": [0, 0, 0, 0.75], "texture": "#missing"},
				"east": {"uv": [0, 0, 0.25, 0.75], "texture": "#1"},
				"south": {"uv": [0, 0, 0, 0.75], "texture": "#missing"},
				"west": {"uv": [0, 0, 0.25, 0.75], "rotation": 180, "texture": "#1"},
				"up": {"uv": [0, 0, 0, 0.25], "texture": "#missing"},
				"down": {"uv": [0, 0, 0, 0.25], "texture": "#missing"}
			}
		},
		{
			"from": [8, 0.25, 7.75],
			"to": [8, 1, 8],
			"rotation": {"angle": -22.5, "axis": "x", "origin": [8, 0.5, 8]},
			"faces": {
				"north": {"uv": [0, 0, 0, 0.75], "texture": "#missing"},
				"east": {"uv": [0, 0, 0.25, 0.75], "texture": "#1"},
				"south": {"uv": [0, 0, 0, 0.75], "texture": "#missing"},
				"west": {"uv": [0, 0, 0.25, 0.75], "rotation": 180, "texture": "#1"},
				"up": {"uv": [0, 0, 0, 0.25], "texture": "#missing"},
				"down": {"uv": [0, 0, 0, 0.25], "texture": "#missing"}
			}
		},
		{
			"from": [7.75, 1.5, 7.75],
			"to": [8.25, 5.25, 8.25],
			"rotation": {"angle": 0, "axis": "y", "origin": [8, 2, 8.25]},
			"faces": {
				"north": {"uv": [0, 0, 0.5, 3.75], "texture": "#2"},
				"east": {"uv": [0, 0, 0.5, 3.75], "texture": "#2"},
				"south": {"uv": [0, 0, 0.5, 3.75], "texture": "#2"},
				"west": {"uv": [0, 0, 0.5, 3.75], "texture": "#2"},
				"up": {"uv": [0, 0, 0.5, 0.5], "texture": "#missing"},
				"down": {"uv": [0, 0, 0.5, 0.5], "texture": "#2"}
			}
		},
		{
			"from": [7.5, 4.5, 7.5],
			"to": [8.5, 8.5, 8.5],
			"rotation": {"angle": 0, "axis": "y", "origin": [8, 5, 8.25]},
			"faces": {
				"north": {"uv": [0, 0, 1, 4], "texture": "#2"},
				"east": {"uv": [0, 0, 1, 4], "texture": "#2"},
				"south": {"uv": [0, 0, 1, 4], "texture": "#2"},
				"west": {"uv": [0, 0, 1, 4], "texture": "#2"},
				"up": {"uv": [0, 0, 1, 1], "texture": "#2"},
				"down": {"uv": [0, 0, 1, 1], "texture": "#2"}
			}
		},
		{
			"from": [7.75, 8.25, 8],
			"to": [8.25, 12.5, 8.75],
			"rotation": {"angle": 0, "axis": "x", "origin": [8, 9, 8.25]},
			"faces": {
				"north": {"uv": [0, 0, 0.5, 4.25], "texture": "#2"},
				"east": {"uv": [0, 0, 0.75, 4.25], "texture": "#2"},
				"south": {"uv": [0, 0, 0.5, 4.25], "texture": "#2"},
				"west": {"uv": [0, 0, 0.75, 4.25], "texture": "#2"},
				"up": {"uv": [0, 0, 0.5, 0.75], "texture": "#missing"},
				"down": {"uv": [0, 0, 0.5, 0.75], "texture": "#2"}
			}
		},
		{
			"from": [7.25, 4.75, 7.25],
			"to": [8.75, 8.25, 8.25],
			"rotation": {"angle": 0, "axis": "x", "origin": [8, 6, 8.25]},
			"faces": {
				"north": {"uv": [0, 0, 1.5, 3.5], "texture": "#1"},
				"east": {"uv": [0, 0, 1, 3.5], "texture": "#1"},
				"south": {"uv": [0, 0, 1.5, 3.5], "texture": "#1"},
				"west": {"uv": [0, 0, 1, 3.5], "texture": "#1"},
				"up": {"uv": [0, 0, 1.5, 1], "texture": "#1"},
				"down": {"uv": [0, 0, 1.5, 1], "texture": "#1"}
			}
		},
		{
			"from": [7.5, 9, 8.25],
			"to": [8.5, 12.25, 9],
			"rotation": {"angle": 0, "axis": "x", "origin": [8, 9, 9.25]},
			"faces": {
				"north": {"uv": [0, 0, 1, 3.25], "texture": "#1"},
				"east": {"uv": [0, 0, 0.75, 3.25], "texture": "#1"},
				"south": {"uv": [0, 0, 1, 3.25], "texture": "#1"},
				"west": {"uv": [0, 0, 0.75, 3.25], "texture": "#1"},
				"up": {"uv": [0, 0, 1, 0.75], "texture": "#missing"},
				"down": {"uv": [0, 0, 1, 0.75], "texture": "#1"}
			}
		},
		{
			"from": [7.25, 12.25, 7.75],
			"to": [8.75, 13.75, 9.25],
			"rotation": {"angle": 0, "axis": "x", "origin": [8, 13, 8.25]},
			"faces": {
				"north": {"uv": [0, 0, 1.5, 1.5], "texture": "#1"},
				"east": {"uv": [0, 0, 1.5, 1.5], "texture": "#1"},
				"south": {"uv": [0, 0, 1.5, 1.5], "texture": "#1"},
				"west": {"uv": [0, 0, 1.5, 1.5], "texture": "#1"},
				"up": {"uv": [0, 0, 1.5, 1.5], "texture": "#1"},
				"down": {"uv": [0, 0, 1.5, 1.5], "texture": "#1"}
			}
		},
		{
			"from": [7.75, 14.25, 8.25],
			"to": [8.25, 19, 9.75],
			"rotation": {"angle": 0, "axis": "x", "origin": [8, 16, 8.75]},
			"faces": {
				"north": {"uv": [0, 0, 0.5, 4.75], "texture": "#1"},
				"east": {"uv": [0, 0, 1.5, 4.75], "texture": "#1"},
				"south": {"uv": [0, 0, 0.5, 4.75], "texture": "#1"},
				"west": {"uv": [0, 0, 1.5, 4.75], "texture": "#1"},
				"up": {"uv": [0, 0, 0.5, 1.5], "texture": "#1"},
				"down": {"uv": [0, 0, 0.5, 1.5], "texture": "#1"}
			}
		},
		{
			"from": [7.75, 14.25, 7.75],
			"to": [8.25, 19, 8.75],
			"rotation": {"angle": 0, "axis": "x", "origin": [8, 16, 7.75]},
			"faces": {
				"north": {"uv": [0, 0, 0.5, 4.75], "texture": "#1"},
				"east": {"uv": [0, 0, 1, 4.75], "texture": "#1"},
				"south": {"uv": [0, 0, 0.5, 4.75], "texture": "#1"},
				"west": {"uv": [0, 0, 1, 4.75], "texture": "#1"},
				"up": {"uv": [0, 0, 0.5, 1], "texture": "#1"},
				"down": {"uv": [0, 0, 0.5, 1], "texture": "#1"}
			}
		},
		{
			"from": [7.25, 14.5, 8.25],
			"to": [8.75, 18, 9.25],
			"rotation": {"angle": 0, "axis": "x", "origin": [8, 16, 8.25]},
			"faces": {
				"north": {"uv": [0, 0, 1.5, 3.5], "texture": "#1"},
				"east": {"uv": [0, 0, 1, 3.5], "texture": "#1"},
				"south": {"uv": [0, 0, 1.5, 3.5], "texture": "#1"},
				"west": {"uv": [0, 0, 1, 3.5], "texture": "#1"},
				"up": {"uv": [0, 0, 1.5, 1], "texture": "#1"},
				"down": {"uv": [0, 0, 1.5, 1], "texture": "#1"}
			}
		},
		{
			"from": [7.5, 13.25, 8],
			"to": [8.5, 20.25, 9.5],
			"rotation": {"angle": 0, "axis": "x", "origin": [8, 14, 8.25]},
			"faces": {
				"north": {"uv": [0, 0, 1, 7], "texture": "#2"},
				"east": {"uv": [0, 0, 1.5, 7], "texture": "#2"},
				"south": {"uv": [0, 0, 1, 7], "texture": "#2"},
				"west": {"uv": [0, 0, 1.5, 7], "texture": "#2"},
				"up": {"uv": [0, 0, 1, 1.5], "texture": "#2"},
				"down": {"uv": [0, 0, 1, 1.5], "texture": "#2"}
			}
		},
		{
			"from": [7, 20.25, 8],
			"to": [9, 23.75, 10],
			"rotation": {"angle": 22.5, "axis": "x", "origin": [8, 21, 8.25]},
			"faces": {
				"north": {"uv": [0, 0, 2, 3.5], "texture": "#1"},
				"east": {"uv": [0, 0, 2, 3.5], "texture": "#1"},
				"south": {"uv": [0, 0, 2, 3.5], "texture": "#1"},
				"west": {"uv": [0, 0, 2, 3.5], "texture": "#1"},
				"up": {"uv": [0, 0, 2, 2], "texture": "#1"},
				"down": {"uv": [0, 0, 2, 2], "texture": "#1"}
			}
		},
		{
			"from": [7.25, 19.5, 9.25],
			"to": [8.75, 22, 12],
			"rotation": {"angle": 22.5, "axis": "x", "origin": [8, 20, 10.25]},
			"faces": {
				"north": {"uv": [0, 0, 1.5, 2.5], "texture": "#missing"},
				"east": {"uv": [0, 0, 2.75, 2.5], "texture": "#0"},
				"south": {"uv": [0, 0, 1.5, 2.5], "texture": "#0"},
				"west": {"uv": [0, 0, 2.75, 2.5], "texture": "#0"},
				"up": {"uv": [0, 0, 1.5, 2.75], "texture": "#0"},
				"down": {"uv": [0, 0, 1.5, 2.75], "texture": "#0"}
			}
		},
		{
			"from": [7.25, 21, 4.25],
			"to": [8.75, 24, 8],
			"rotation": {"angle": 22.5, "axis": "x", "origin": [8, 20, 6.25]},
			"faces": {
				"north": {"uv": [0, 0, 1.5, 3], "texture": "#0"},
				"east": {"uv": [0, 0, 3.75, 3], "texture": "#0"},
				"south": {"uv": [0, 0, 1.5, 3], "texture": "#missing"},
				"west": {"uv": [0, 0, 3.75, 3], "texture": "#0"},
				"up": {"uv": [0, 0, 1.5, 3.75], "texture": "#0"},
				"down": {"uv": [0, 0, 1.5, 3.75], "texture": "#0"}
			}
		},
		{
			"from": [7.5, 21.75, 1],
			"to": [8.5, 24.25, 6],
			"rotation": {"angle": 0, "axis": "x", "origin": [8, 20, 3.25]},
			"faces": {
				"north": {"uv": [0, 0, 1, 2.5], "texture": "#0"},
				"east": {"uv": [0, 0, 5, 2.5], "texture": "#0"},
				"south": {"uv": [0, 0, 1, 2.5], "texture": "#missing"},
				"west": {"uv": [0, 0, 5, 2.5], "texture": "#0"},
				"up": {"uv": [0, 0, 1, 5], "texture": "#0"},
				"down": {"uv": [0, 0, 1, 5], "texture": "#0"}
			}
		},
		{
			"from": [7.75, 21.5, -2],
			"to": [8.25, 23.5, 2.75],
			"rotation": {"angle": -22.5, "axis": "x", "origin": [8, 20, 0.25]},
			"faces": {
				"north": {"uv": [0, 0, 0.5, 2], "texture": "#0"},
				"east": {"uv": [0, 0, 4.75, 2], "texture": "#0"},
				"south": {"uv": [0, 0, 0.5, 2], "texture": "#missing"},
				"west": {"uv": [0, 0, 4.75, 2], "texture": "#0"},
				"up": {"uv": [0, 0, 0.5, 4.75], "texture": "#0"},
				"down": {"uv": [0, 0, 0.5, 4.75], "texture": "#0"}
			}
		},
		{
			"from": [8, 20, -1.25],
			"to": [8, 21, 0],
			"rotation": {"angle": -45, "axis": "x", "origin": [8, 18, -2.75]},
			"faces": {
				"north": {"uv": [0, 0, 0, 1], "texture": "#missing"},
				"east": {"uv": [0, 0, 1.25, 1], "texture": "#0"},
				"south": {"uv": [0, 0, 0, 1], "texture": "#missing"},
				"west": {"uv": [0, 0, 1.25, 1], "texture": "#0"},
				"up": {"uv": [0, 0, 0, 1.25], "texture": "#missing"},
				"down": {"uv": [0, 0, 0, 1.25], "texture": "#missing"}
			}
		},
		{
			"from": [8, 19.25, -1.5],
			"to": [8, 19.75, -0.5],
			"rotation": {"angle": -45, "axis": "x", "origin": [8, 17, -3.75]},
			"faces": {
				"north": {"uv": [0, 0, 0, 0.5], "texture": "#missing"},
				"east": {"uv": [0, 0, 1, 0.5], "texture": "#0"},
				"south": {"uv": [0, 0, 0, 0.5], "texture": "#missing"},
				"west": {"uv": [0, 0, 1, 0.5], "texture": "#0"},
				"up": {"uv": [0, 0, 0, 1], "texture": "#missing"},
				"down": {"uv": [0, 0, 0, 1], "texture": "#missing"}
			}
		},
		{
			"from": [7.5, 17.75, 11.25],
			"to": [8.5, 20.25, 12.75],
			"rotation": {"angle": -22.5, "axis": "x", "origin": [8, 20, 10.25]},
			"faces": {
				"north": {"uv": [0, 0, 1, 2.5], "rotation": 180, "texture": "#0"},
				"east": {"uv": [0, 0, 2.5, 1.5], "rotation": 270, "texture": "#0"},
				"south": {"uv": [0, 0, 1, 2.5], "texture": "#0"},
				"west": {"uv": [0, 0, 2.5, 1.5], "rotation": 90, "texture": "#0"},
				"up": {"uv": [0, 0, 1, 1.5], "rotation": 180, "texture": "#missing"},
				"down": {"uv": [0, 0, 1, 1.5], "texture": "#0"}
			}
		}
	],
	"gui_light": "front",
	"display": {
		"thirdperson_righthand": {
			"rotation": [0, 6.5, -5.25],
			"translation": [0, 2, 0],
			"scale": [0.97, 2, 2]
		},
		"thirdperson_lefthand": {
			"rotation": [89, 182.5, 0],
			"scale": [0.97, 2, 2]
		},
		"firstperson_righthand": {
			"rotation": [-2, 13.25, -26],
			"translation": [0, 0, 0.25],
			"scale": [0.89, 1, 1]
		},
		"firstperson_lefthand": {
			"rotation": [22, -180, 0.75],
			"translation": [0.75, 1, 3.5]
		},
		"ground": {
			"rotation": [77, -180, 7],
			"translation": [-1.5, 0, -14],
			"scale": [0.9, 0.9, 0.9]
		},
		"gui": {
			"rotation": [-117, -39.75, -97],
			"translation": [-3.5, -2.25, -1.75],
			"scale": [0.6, 0.6, 0.6]
		},
		"head": {
			"rotation": [178.25, 96.75, 0],
			"translation": [6, 11.75, 0]
		},
		"fixed": {
			"rotation": [170, 0, -180],
			"translation": [0, -59.75, -20.75],
			"scale": [4, 4, 4]
		}
	},
	"groups": [
		{
			"name": "group",
			"origin": [8, 0.5, 8],
			"children": [0, 1, 2, 3]
		}, 4, 5, 6, 7, 8, 9, 10, 11, 12, 13, 14, 15, 16, 17, 18, 19, 20, 21]
}