{
	"credit": "Made with Blockbench",
	"texture_size": [32, 32],
	"textures": {
		"2": "item/sao_kirito"
	},
	"elements": [
		{
			"from": [6.75, -3.5, 6.25],
			"to": [9.25, -1.5, 12.75],
			"rotation": {"angle": 0, "axis": "y", "origin": [15, 4.5, 15]},
			"faces": {
				"north": {"uv": [1.5, 0, 3, 1], "texture": "#2"},
				"east": {"uv": [6, 3.5, 9.5, 4.5], "texture": "#2"},
				"south": {"uv": [3, 0, 4.5, 1], "texture": "#2"},
				"west": {"uv": [6, 4.5, 9.5, 5.5], "texture": "#2"},
				"up": {"uv": [7.5, 9.5, 6, 6], "texture": "#2"},
				"down": {"uv": [7.5, 0, 6, 3.5], "texture": "#2"}
			}
		},
		{
			"from": [6.5, -2.25, 7.75],
			"to": [9.5, -1.75, 8.25],
			"rotation": {"angle": 0, "axis": "y", "origin": [14.75, 4.5, 15]},
			"faces": {
				"north": {"uv": [1.5, 1, 3, 1.5], "texture": "#2"},
				"east": {"uv": [7.5, 7, 8, 7.5], "texture": "#2"},
				"south": {"uv": [3, 2.5, 4.5, 3], "texture": "#2"},
				"west": {"uv": [8.5, 1, 9, 1.5], "texture": "#2"},
				"up": {"uv": [6, 4.5, 4.5, 4], "texture": "#2"},
				"down": {"uv": [7.5, 5.5, 6, 6], "texture": "#2"}
			}
		},
		{
			"from": [6.5, -3.25, 7.75],
			"to": [9.5, -2.75, 8.25],
			"rotation": {"angle": 0, "axis": "y", "origin": [14.75, 3.5, 15]},
			"faces": {
				"north": {"uv": [10.5, 0, 12, 0.5], "texture": "#2"},
				"east": {"uv": [8.5, 6.5, 9, 7], "texture": "#2"},
				"south": {"uv": [10.5, 0.5, 12, 1], "texture": "#2"},
				"west": {"uv": [9, 3, 9.5, 3.5], "texture": "#2"},
				"up": {"uv": [12, 3.5, 10.5, 3], "texture": "#2"},
				"down": {"uv": [12, 3.5, 10.5, 4], "texture": "#2"}
			}
		},
		{
			"from": [7.5, -12.75, 7.5],
			"to": [8.5, -3.5, 8.5],
			"rotation": {"angle": 0, "axis": "y", "origin": [14.75, 2.75, 15]},
			"faces": {
				"north": {"uv": [7.75, 0.25, 9.25, 0.75], "texture": "#2"},
				"east": {"uv": [7.875, 2, 8.375, 2.5], "texture": "#2"},
				"south": {"uv": [8.125, 0.25, 9.625, 0.75], "texture": "#2"},
				"west": {"uv": [8, 0.25, 8.5, 0.75], "texture": "#2"},
				"up": {"uv": [12.125, 10.875, 10.625, 10.375], "texture": "#2"},
				"down": {"uv": [12.875, 1.875, 11.375, 2.375], "texture": "#2"}
			}
		},
		{
			"from": [7.25, -5, 7.25],
			"to": [8.75, -3.5, 8.75],
			"rotation": {"angle": 0, "axis": "y", "origin": [14.75, 3, 15]},
			"faces": {
				"north": {"uv": [7.75, 0.25, 9.25, 0.75], "texture": "#2"},
				"east": {"uv": [7.875, 2, 8.375, 2.5], "texture": "#2"},
				"south": {"uv": [8.125, 0.25, 9.625, 0.75], "texture": "#2"},
				"west": {"uv": [8, 0.25, 8.5, 0.75], "texture": "#2"},
				"up": {"uv": [12.125, 10.875, 10.625, 10.375], "texture": "#2"},
				"down": {"uv": [12.875, 1.875, 11.375, 2.375], "texture": "#2"}
			}
		},
		{
			"from": [7.25, -13, 7.25],
			"to": [8.75, -11.5, 8.75],
			"rotation": {"angle": 0, "axis": "y", "origin": [14.75, -5, 15]},
			"faces": {
				"north": {"uv": [7.75, 0.25, 9.25, 0.75], "texture": "#2"},
				"east": {"uv": [7.875, 2, 8.375, 2.5], "texture": "#2"},
				"south": {"uv": [8.125, 0.25, 9.625, 0.75], "texture": "#2"},
				"west": {"uv": [8, 0.25, 8.5, 0.75], "texture": "#2"},
				"up": {"uv": [12.125, 10.875, 10.625, 10.375], "texture": "#2"},
				"down": {"uv": [12.875, 1.875, 11.375, 2.375], "texture": "#2"}
			}
		},
		{
			"from": [6.5, -2.75, 7.25],
			"to": [9.5, -2.25, 7.75],
			"rotation": {"angle": 0, "axis": "y", "origin": [14.75, 4, 14.5]},
			"faces": {
				"north": {"uv": [10.5, 4, 12, 4.5], "texture": "#2"},
				"east": {"uv": [9.5, 6, 10, 6.5], "texture": "#2"},
				"south": {"uv": [10.5, 4.5, 12, 5], "texture": "#2"},
				"west": {"uv": [1, 10.5, 1.5, 11], "texture": "#2"},
				"up": {"uv": [12, 5.5, 10.5, 5], "texture": "#2"},
				"down": {"uv": [12, 5.5, 10.5, 6], "texture": "#2"}
			}
		},
		{
			"from": [6.5, -2.75, 8.25],
			"to": [9.5, -2.25, 8.75],
			"rotation": {"angle": 0, "axis": "y", "origin": [14.75, 4, 15.5]},
			"faces": {
				"north": {"uv": [0, 11, 1.5, 11.5], "texture": "#2"},
				"east": {"uv": [12, 11, 12.5, 11.5], "texture": "#2"},
				"south": {"uv": [9, 11, 10.5, 11.5], "texture": "#2"},
				"west": {"uv": [13.5, 12, 14, 12.5], "texture": "#2"},
				"up": {"uv": [12, 11.5, 10.5, 11], "texture": "#2"},
				"down": {"uv": [12.5, 1, 11, 1.5], "texture": "#2"}
			}
		},
		{
			"from": [6.5, -2.625, 8.125],
			"to": [9.5, -2.375, 8.25],
			"rotation": {"angle": 0, "axis": "y", "origin": [7.75, -2.5, 8]},
			"faces": {
				"north": {"uv": [11, 1.5, 12.5, 2], "texture": "#2"},
				"east": {"uv": [13.5, 13, 14, 13.5], "texture": "#2"},
				"south": {"uv": [11, 2, 12.5, 2.5], "texture": "#2"},
				"west": {"uv": [14.5, 0, 15, 0.5], "texture": "#2"},
				"up": {"uv": [12.5, 3, 11, 2.5], "texture": "#2"},
				"down": {"uv": [12.5, 6, 11, 6.5], "texture": "#2"}
			}
		},
		{
			"from": [6.5, -2.375, 7.875],
			"to": [9.5, -2.25, 8.125],
			"rotation": {"angle": 0, "axis": "x", "origin": [7.75, -2.5, 8]},
			"faces": {
				"north": {"uv": [11, 6.5, 12.5, 7], "texture": "#2"},
				"east": {"uv": [14.5, 0.5, 15, 1], "texture": "#2"},
				"south": {"uv": [11, 7, 12.5, 7.5], "texture": "#2"},
				"west": {"uv": [14.5, 1, 15, 1.5], "texture": "#2"},
				"up": {"uv": [12.5, 8, 11, 7.5], "texture": "#2"},
				"down": {"uv": [12.5, 8, 11, 8.5], "texture": "#2"}
			}
		},
		{
			"from": [6.5, -2.625, 7.75],
			"to": [9.5, -2.375, 7.875],
			"rotation": {"angle": 0, "axis": "x", "origin": [7.75, -2.5, 8]},
			"faces": {
				"north": {"uv": [11, 8.5, 12.5, 9], "texture": "#2"},
				"east": {"uv": [14.5, 1.5, 15, 2], "texture": "#2"},
				"south": {"uv": [11, 9, 12.5, 9.5], "texture": "#2"},
				"west": {"uv": [14.5, 2, 15, 2.5], "texture": "#2"},
				"up": {"uv": [12.5, 10, 11, 9.5], "texture": "#2"},
				"down": {"uv": [12.5, 10, 11, 10.5], "texture": "#2"}
			}
		},
		{
			"from": [6.5, -2.75, 7.875],
			"to": [9.5, -2.625, 8.125],
			"rotation": {"angle": 0, "axis": "x", "origin": [7.75, -2.5, 8]},
			"faces": {
				"north": {"uv": [11, 10.5, 12.5, 11], "texture": "#2"},
				"east": {"uv": [14.5, 2.5, 15, 3], "texture": "#2"},
				"south": {"uv": [0, 11.5, 1.5, 12], "texture": "#2"},
				"west": {"uv": [14.5, 3, 15, 3.5], "texture": "#2"},
				"up": {"uv": [3, 12, 1.5, 11.5], "texture": "#2"},
				"down": {"uv": [5.5, 11.5, 4, 12], "texture": "#2"}
			}
		},
		{
			"from": [7.25, -1.5, 6.75],
			"to": [8.75, -0.25, 9.25],
			"rotation": {"angle": 0, "axis": "y", "origin": [15, 6.5, 15]},
			"faces": {
				"north": {"uv": [9, 8.5, 10, 9], "texture": "#2"},
				"east": {"uv": [5.5, 11.5, 7, 12], "texture": "#2"},
				"south": {"uv": [12.5, 12, 13.5, 12.5], "texture": "#2"},
				"west": {"uv": [8, 11.5, 9.5, 12], "texture": "#2"},
				"up": {"uv": [4, 2.5, 3, 1], "texture": "#2"},
				"down": {"uv": [8.5, 0, 7.5, 1.5], "texture": "#2"}
			}
		},
		{
			"from": [7.25, -0.25, 7.125],
			"to": [8.75, 1, 8.875],
			"rotation": {"angle": 0, "axis": "y", "origin": [15, 7.75, 15]},
			"faces": {
				"north": {"uv": [13, 9, 14, 9.5], "texture": "#2"},
				"east": {"uv": [13, 9.5, 14, 10], "texture": "#2"},
				"south": {"uv": [13, 10, 14, 10.5], "texture": "#2"},
				"west": {"uv": [13, 10.5, 14, 11], "texture": "#2"},
				"up": {"uv": [9, 8, 8, 7], "texture": "#2"},
				"down": {"uv": [9.5, 0, 8.5, 1], "texture": "#2"}
			}
		},
		{
			"from": [7.25, 1, 7.25],
			"to": [8.75, 2.5, 8.75],
			"rotation": {"angle": 0, "axis": "y", "origin": [15, 9, 15]},
			"faces": {
				"north": {"uv": [8.5, 5.5, 9.5, 6.5], "texture": "#2"},
				"east": {"uv": [0, 9, 1, 10], "texture": "#2"},
				"south": {"uv": [9, 9, 10, 10], "texture": "#2"},
				"west": {"uv": [9, 1, 10, 2], "texture": "#2"},
				"up": {"uv": [10, 3, 9, 2], "texture": "#2"},
				"down": {"uv": [10, 6.5, 9, 7.5], "texture": "#2"}
			}
		},
		{
			"from": [7.25, 2.5, 7.375],
			"to": [8.75, 4.5, 8.625],
			"rotation": {"angle": 0, "axis": "y", "origin": [15, 10.5, 15]},
			"faces": {
				"north": {"uv": [9, 7.5, 10, 8.5], "texture": "#2"},
				"east": {"uv": [12, 0, 12.5, 1], "texture": "#2"},
				"south": {"uv": [4, 9.5, 5, 10.5], "texture": "#2"},
				"west": {"uv": [13, 11, 13.5, 12], "texture": "#2"},
				"up": {"uv": [14, 13, 13, 12.5], "texture": "#2"},
				"down": {"uv": [1, 13.5, 0, 14], "texture": "#2"}
			}
		},
		{
			"from": [7.25, 5.25, 7.375],
			"to": [8.75, 5.75, 8.625],
			"rotation": {"angle": 0, "axis": "y", "origin": [15, 13.25, 15]},
			"faces": {
				"north": {"uv": [1, 13.5, 2, 14], "texture": "#2"},
				"east": {"uv": [14.5, 3.5, 15, 4], "texture": "#2"},
				"south": {"uv": [2, 13.5, 3, 14], "texture": "#2"},
				"west": {"uv": [14.5, 4, 15, 4.5], "texture": "#2"},
				"up": {"uv": [4, 14, 3, 13.5], "texture": "#2"},
				"down": {"uv": [5, 13.5, 4, 14], "texture": "#2"}
			}
		},
		{
			"from": [7.25, 4.5, 7.25],
			"to": [8.75, 5.25, 8.75],
			"rotation": {"angle": 0, "axis": "y", "origin": [15, 12.5, 15]},
			"faces": {
				"north": {"uv": [5, 13.5, 6, 14], "texture": "#2"},
				"east": {"uv": [6, 13.5, 7, 14], "texture": "#2"},
				"south": {"uv": [8, 13.5, 9, 14], "texture": "#2"},
				"west": {"uv": [9, 13.5, 10, 14], "texture": "#2"},
				"up": {"uv": [6, 10.5, 5, 9.5], "texture": "#2"},
				"down": {"uv": [7, 9.5, 6, 10.5], "texture": "#2"}
			}
		},
		{
			"from": [6.75, -3.625, 5],
			"to": [9.25, -1.375, 6.25],
			"rotation": {"angle": 0, "axis": "y", "origin": [15, 4.5, 8.75]},
			"faces": {
				"north": {"uv": [7.5, 1.5, 9, 2.5], "texture": "#2"},
				"east": {"uv": [10, 13.5, 10.5, 14.5], "texture": "#2"},
				"south": {"uv": [7.5, 2.5, 9, 3.5], "texture": "#2"},
				"west": {"uv": [10.5, 13.5, 11, 14.5], "texture": "#2"},
				"up": {"uv": [11, 12, 9.5, 11.5], "texture": "#2"},
				"down": {"uv": [12.5, 11.5, 11, 12], "texture": "#2"}
			}
		},
		{
			"from": [6.8, -2.25, 11],
			"to": [9.2, -0.75, 12.5],
			"rotation": {"angle": 45, "axis": "x", "origin": [8, -1.5, 11.625]},
			"faces": {
				"north": {"uv": [8, 9.5, 9, 10.5], "texture": "#2"},
				"east": {"uv": [9.5, 0, 10.5, 1], "texture": "#2"},
				"south": {"uv": [9.5, 3, 10.5, 4], "texture": "#2"},
				"west": {"uv": [9.5, 4, 10.5, 5], "texture": "#2"},
				"up": {"uv": [10.5, 6, 9.5, 5], "texture": "#2"},
				"down": {"uv": [1, 10, 0, 11], "texture": "#2"}
			}
		},
		{
			"from": [8, -3.25, 11.75],
			"to": [8.75, -1.75, 12.75],
			"rotation": {"angle": -22.5, "axis": "y", "origin": [8, -2.75, 12.75]},
			"faces": {
				"north": {"uv": [11, 13.5, 11.5, 14.5], "texture": "#2"},
				"east": {"uv": [11.5, 13.5, 12, 14.5], "texture": "#2"},
				"south": {"uv": [12, 13.5, 12.5, 14.5], "texture": "#2"},
				"west": {"uv": [13.5, 13.5, 14, 14.5], "texture": "#2"},
				"up": {"uv": [15, 5, 14.5, 4.5], "texture": "#2"},
				"down": {"uv": [15, 5, 14.5, 5.5], "texture": "#2"}
			}
		},
		{
			"from": [7.75, -3, 12.25],
			"to": [8.5, -2, 13.25],
			"rotation": {"angle": -22.5, "axis": "y", "origin": [7.75, -2.75, 13.25]},
			"faces": {
				"north": {"uv": [14.5, 5.5, 15, 6], "texture": "#2"},
				"east": {"uv": [14.5, 6, 15, 6.5], "texture": "#2"},
				"south": {"uv": [14.5, 6.5, 15, 7], "texture": "#2"},
				"west": {"uv": [14.5, 7, 15, 7.5], "texture": "#2"},
				"up": {"uv": [15, 8, 14.5, 7.5], "texture": "#2"},
				"down": {"uv": [15, 8, 14.5, 8.5], "texture": "#2"}
			}
		},
		{
			"from": [7.5, -2.75, 12.75],
			"to": [8.25, -2.25, 13.75],
			"rotation": {"angle": -22.5, "axis": "y", "origin": [7.5, -2.75, 13.75]},
			"faces": {
				"north": {"uv": [14.5, 8.5, 15, 9], "texture": "#2"},
				"east": {"uv": [14.5, 9, 15, 9.5], "texture": "#2"},
				"south": {"uv": [14.5, 9.5, 15, 10], "texture": "#2"},
				"west": {"uv": [14.5, 10, 15, 10.5], "texture": "#2"},
				"up": {"uv": [15, 11, 14.5, 10.5], "texture": "#2"},
				"down": {"uv": [15, 11, 14.5, 11.5], "texture": "#2"}
			}
		},
		{
			"from": [7.15, -3.35, 11.65],
			"to": [7.85, -1.65, 12.85],
			"rotation": {"angle": 22.5, "axis": "y", "origin": [8, -2.75, 12.75]},
			"faces": {
				"north": {"uv": [13.5, 0, 14, 1], "texture": "#2"},
				"east": {"uv": [13.5, 1, 14, 2], "texture": "#2"},
				"south": {"uv": [13.5, 2, 14, 3], "texture": "#2"},
				"west": {"uv": [13.5, 3, 14, 4], "texture": "#2"},
				"up": {"uv": [15, 12, 14.5, 11.5], "texture": "#2"},
				"down": {"uv": [15, 12, 14.5, 12.5], "texture": "#2"}
			}
		},
		{
			"from": [7.4, -3.1, 12.15],
			"to": [8.1, -1.9, 13.35],
			"rotation": {"angle": 22.5, "axis": "y", "origin": [8.25, -2.75, 13.25]},
			"faces": {
				"north": {"uv": [14.5, 12.5, 15, 13], "texture": "#2"},
				"east": {"uv": [14.5, 13, 15, 13.5], "texture": "#2"},
				"south": {"uv": [14.5, 13.5, 15, 14], "texture": "#2"},
				"west": {"uv": [14.5, 14, 15, 14.5], "texture": "#2"},
				"up": {"uv": [0.5, 15.5, 0, 15], "texture": "#2"},
				"down": {"uv": [1, 15, 0.5, 15.5], "texture": "#2"}
			}
		},
		{
			"from": [7.65, -2.85, 12.65],
			"to": [8.35, -2.15, 13.85],
			"rotation": {"angle": 22.5, "axis": "y", "origin": [8.5, -2.75, 13.75]},
			"faces": {
				"north": {"uv": [1, 15, 1.5, 15.5], "texture": "#2"},
				"east": {"uv": [1.5, 15, 2, 15.5], "texture": "#2"},
				"south": {"uv": [2, 15, 2.5, 15.5], "texture": "#2"},
				"west": {"uv": [2.5, 15, 3, 15.5], "texture": "#2"},
				"up": {"uv": [3.5, 15.5, 3, 15], "texture": "#2"},
				"down": {"uv": [4, 15, 3.5, 15.5], "texture": "#2"}
			}
		},
		{
			"from": [7.75, 2.25, 6.75],
			"to": [8.25, 12.5, 9.25],
			"rotation": {"angle": 0, "axis": "x", "origin": [8.25, -0.25, 8]},
			"faces": {
				"north": {"uv": [1.5, 6.5, 2, 11.5], "texture": "#2"},
				"east": {"uv": [0, 0, 1.5, 5], "texture": "#2"},
				"south": {"uv": [2, 6.5, 2.5, 11.5], "texture": "#2"},
				"west": {"uv": [1.5, 1.5, 3, 6.5], "texture": "#2"},
				"up": {"uv": [4.5, 2.5, 4, 1], "texture": "#2"},
				"down": {"uv": [4.5, 8, 4, 9.5], "texture": "#2"}
			}
		},
		{
			"from": [7.875, 12.5, 6.75],
			"to": [8.125, 22.75, 9.25],
			"rotation": {"angle": 0, "axis": "x", "origin": [8.25, 10, 8]},
			"faces": {
				"north": {"uv": [2.5, 6.5, 3, 11.5], "texture": "#2"},
				"east": {"uv": [3, 3, 4.5, 8], "texture": "#2"},
				"south": {"uv": [7.5, 7.5, 8, 12.5], "texture": "#2"},
				"west": {"uv": [4.5, 4.5, 6, 9.5], "texture": "#2"},
				"up": {"uv": [1.5, 10.5, 1, 9], "texture": "#2"},
				"down": {"uv": [7.5, 9.5, 7, 11], "texture": "#2"}
			}
		},
		{
			"from": [7.9375, 22.75, 6.75],
			"to": [8.0625, 30.25, 9.25],
			"rotation": {"angle": 0, "axis": "x", "origin": [8.25, 19, 8]},
			"faces": {
				"north": {"uv": [3, 8, 3.5, 12], "texture": "#2"},
				"east": {"uv": [4.5, 0, 6, 4], "texture": "#2"},
				"south": {"uv": [3.5, 8, 4, 12], "texture": "#2"},
				"west": {"uv": [0, 5, 1.5, 9], "texture": "#2"},
				"up": {"uv": [7.5, 12.5, 7, 11], "texture": "#2"},
				"down": {"uv": [0.5, 12, 0, 13.5], "texture": "#2"}
			}
		},
		{
			"from": [7.95, 29.5, 7.45],
			"to": [8.05, 31.3, 9.25],
			"rotation": {"angle": 45, "axis": "x", "origin": [8, 30.75, 8]},
			"faces": {
				"north": {"uv": [13.5, 4, 14, 5], "texture": "#2"},
				"east": {"uv": [9, 10, 10, 11], "texture": "#2"},
				"south": {"uv": [13.5, 5, 14, 6], "texture": "#2"},
				"west": {"uv": [10, 10, 11, 11], "texture": "#2"},
				"up": {"uv": [14, 7, 13.5, 6], "texture": "#2"},
				"down": {"uv": [14, 7, 13.5, 8], "texture": "#2"}
			}
		},
		{
			"from": [7.5, -1.5, 10.75],
			"to": [8.5, 1, 12.75],
			"rotation": {"angle": 0, "axis": "x", "origin": [8, -0.25, 8]},
			"faces": {
				"north": {"uv": [0.5, 12, 1, 13.5], "texture": "#2"},
				"east": {"uv": [7.5, 5.5, 8.5, 7], "texture": "#2"},
				"south": {"uv": [1, 12, 1.5, 13.5], "texture": "#2"},
				"west": {"uv": [8, 8, 9, 9.5], "texture": "#2"},
				"up": {"uv": [14, 9, 13.5, 8], "texture": "#2"},
				"down": {"uv": [14, 11, 13.5, 12], "texture": "#2"}
			}
		},
		{
			"from": [7.625, -1, 10.75],
			"to": [8.375, 0.625, 12.75],
			"rotation": {"angle": -22.5, "axis": "x", "origin": [7.75, -0.25, 8]},
			"faces": {
				"north": {"uv": [0, 14, 0.5, 15], "texture": "#2"},
				"east": {"uv": [10, 1, 11, 2], "texture": "#2"},
				"south": {"uv": [0.5, 14, 1, 15], "texture": "#2"},
				"west": {"uv": [10, 2, 11, 3], "texture": "#2"},
				"up": {"uv": [1.5, 15, 1, 14], "texture": "#2"},
				"down": {"uv": [2, 14, 1.5, 15], "texture": "#2"}
			}
		},
		{
			"from": [7.5, 2.5, 7],
			"to": [8.5, 4.5, 9],
			"rotation": {"angle": -45, "axis": "x", "origin": [8, -0.25, 8]},
			"faces": {
				"north": {"uv": [2, 14, 2.5, 15], "texture": "#2"},
				"east": {"uv": [10, 6, 11, 7], "texture": "#2"},
				"south": {"uv": [2.5, 14, 3, 15], "texture": "#2"},
				"west": {"uv": [10, 7, 11, 8], "texture": "#2"},
				"up": {"uv": [3.5, 15, 3, 14], "texture": "#2"},
				"down": {"uv": [4, 14, 3.5, 15], "texture": "#2"}
			}
		},
		{
			"from": [7.625, 2.5, 7.12],
			"to": [8.375, 4.5, 9.25],
			"rotation": {"angle": -22.5, "axis": "x", "origin": [7.75, -0.25, 8]},
			"faces": {
				"north": {"uv": [4, 14, 4.5, 15], "texture": "#2"},
				"east": {"uv": [10, 8, 11, 9], "texture": "#2"},
				"south": {"uv": [4.5, 14, 5, 15], "texture": "#2"},
				"west": {"uv": [10, 9, 11, 10], "texture": "#2"},
				"up": {"uv": [5.5, 15, 5, 14], "texture": "#2"},
				"down": {"uv": [6, 14, 5.5, 15], "texture": "#2"}
			}
		},
		{
			"from": [7.6875, 2.36367, 4.43539],
			"to": [8.3125, 5.61367, 4.68539],
			"rotation": {"angle": -45, "axis": "x", "origin": [8, 5.5, 4.75]},
			"faces": {
				"north": {"uv": [1.5, 12, 2, 13.5], "texture": "#2"},
				"east": {"uv": [2, 12, 2.5, 13.5], "texture": "#2"},
				"south": {"uv": [2.5, 12, 3, 13.5], "texture": "#2"},
				"west": {"uv": [3, 12, 3.5, 13.5], "texture": "#2"},
				"up": {"uv": [4.5, 15.5, 4, 15], "texture": "#2"},
				"down": {"uv": [5, 15, 4.5, 15.5], "texture": "#2"}
			}
		},
		{
			"from": [7.6875, 2.36367, 4.18539],
			"to": [8.3125, 5.36367, 4.43539],
			"rotation": {"angle": -45, "axis": "x", "origin": [8, 5.5, 4.75]},
			"faces": {
				"north": {"uv": [3.5, 12, 4, 13.5], "texture": "#2"},
				"east": {"uv": [4, 12, 4.5, 13.5], "texture": "#2"},
				"south": {"uv": [4.5, 12, 5, 13.5], "texture": "#2"},
				"west": {"uv": [5, 12, 5.5, 13.5], "texture": "#2"},
				"up": {"uv": [5.5, 15.5, 5, 15], "texture": "#2"},
				"down": {"uv": [6, 15, 5.5, 15.5], "texture": "#2"}
			}
		},
		{
			"from": [7.625, 2.32561, 4.37673],
			"to": [8.375, 5.57561, 4.62673],
			"rotation": {"angle": 0, "axis": "x", "origin": [7.75, 5, 4.75]},
			"faces": {
				"north": {"uv": [5.5, 12, 6, 13.5], "texture": "#2"},
				"east": {"uv": [6, 12, 6.5, 13.5], "texture": "#2"},
				"south": {"uv": [6.5, 12, 7, 13.5], "texture": "#2"},
				"west": {"uv": [8, 12, 8.5, 13.5], "texture": "#2"},
				"up": {"uv": [6.5, 15.5, 6, 15], "texture": "#2"},
				"down": {"uv": [7, 15, 6.5, 15.5], "texture": "#2"}
			}
		},
		{
			"from": [7.6875, 2.36367, 3.43539],
			"to": [8.3125, 4.61367, 3.68539],
			"rotation": {"angle": -45, "axis": "x", "origin": [8, 5.5, 4.75]},
			"faces": {
				"north": {"uv": [6, 14, 6.5, 15], "texture": "#2"},
				"east": {"uv": [6.5, 14, 7, 15], "texture": "#2"},
				"south": {"uv": [7, 14, 7.5, 15], "texture": "#2"},
				"west": {"uv": [7.5, 14, 8, 15], "texture": "#2"},
				"up": {"uv": [7.5, 15.5, 7, 15], "texture": "#2"},
				"down": {"uv": [8, 15, 7.5, 15.5], "texture": "#2"}
			}
		},
		{
			"from": [7.6875, 2.36367, 3.18539],
			"to": [8.3125, 4.36367, 3.43539],
			"rotation": {"angle": -45, "axis": "x", "origin": [8, 5.5, 4.75]},
			"faces": {
				"north": {"uv": [8, 14, 8.5, 15], "texture": "#2"},
				"east": {"uv": [8.5, 14, 9, 15], "texture": "#2"},
				"south": {"uv": [9, 14, 9.5, 15], "texture": "#2"},
				"west": {"uv": [9.5, 14, 10, 15], "texture": "#2"},
				"up": {"uv": [8.5, 15.5, 8, 15], "texture": "#2"},
				"down": {"uv": [9, 15, 8.5, 15.5], "texture": "#2"}
			}
		},
		{
			"from": [7.6875, 2.36367, 2.93539],
			"to": [8.3125, 4.11367, 3.18539],
			"rotation": {"angle": -45, "axis": "x", "origin": [8, 5.5, 4.75]},
			"faces": {
				"north": {"uv": [12.5, 14, 13, 15], "texture": "#2"},
				"east": {"uv": [14, 14, 14.5, 15], "texture": "#2"},
				"south": {"uv": [14, 0, 14.5, 1], "texture": "#2"},
				"west": {"uv": [14, 1, 14.5, 2], "texture": "#2"},
				"up": {"uv": [9.5, 15.5, 9, 15], "texture": "#2"},
				"down": {"uv": [10, 15, 9.5, 15.5], "texture": "#2"}
			}
		},
		{
			"from": [7.6875, 2.36367, 3.68539],
			"to": [8.3125, 4.86367, 3.93539],
			"rotation": {"angle": -45, "axis": "x", "origin": [8, 5.5, 4.75]},
			"faces": {
				"north": {"uv": [8.5, 12, 9, 13.5], "texture": "#2"},
				"east": {"uv": [9, 12, 9.5, 13.5], "texture": "#2"},
				"south": {"uv": [9.5, 12, 10, 13.5], "texture": "#2"},
				"west": {"uv": [10, 12, 10.5, 13.5], "texture": "#2"},
				"up": {"uv": [13, 15.5, 12.5, 15], "texture": "#2"},
				"down": {"uv": [14.5, 15, 14, 15.5], "texture": "#2"}
			}
		},
		{
			"from": [7.6875, 2.36367, 3.93539],
			"to": [8.3125, 5.11367, 4.18539],
			"rotation": {"angle": -45, "axis": "x", "origin": [8, 5.5, 4.75]},
			"faces": {
				"north": {"uv": [10.5, 12, 11, 13.5], "texture": "#2"},
				"east": {"uv": [11, 12, 11.5, 13.5], "texture": "#2"},
				"south": {"uv": [11.5, 12, 12, 13.5], "texture": "#2"},
				"west": {"uv": [12, 12, 12.5, 13.5], "texture": "#2"},
				"up": {"uv": [15.5, 15.5, 15, 15], "texture": "#2"},
				"down": {"uv": [15.5, 0, 15, 0.5], "texture": "#2"}
			}
		},
		{
			"from": [7.5, 2.5, 7],
			"to": [8.5, 4.5, 9],
			"rotation": {"angle": 45, "axis": "x", "origin": [8, -0.25, 8]},
			"faces": {
				"north": {"uv": [14, 2, 14.5, 3], "texture": "#2"},
				"east": {"uv": [4, 10.5, 5, 11.5], "texture": "#2"},
				"south": {"uv": [14, 3, 14.5, 4], "texture": "#2"},
				"west": {"uv": [5, 10.5, 6, 11.5], "texture": "#2"},
				"up": {"uv": [14.5, 5, 14, 4], "texture": "#2"},
				"down": {"uv": [14.5, 5, 14, 6], "texture": "#2"}
			}
		},
		{
			"from": [7.625, 2.5, 6.75],
			"to": [8.375, 4.5, 8.88],
			"rotation": {"angle": 22.5, "axis": "x", "origin": [7.75, -0.25, 8]},
			"faces": {
				"north": {"uv": [14, 6, 14.5, 7], "texture": "#2"},
				"east": {"uv": [6, 10.5, 7, 11.5], "texture": "#2"},
				"south": {"uv": [14, 7, 14.5, 8], "texture": "#2"},
				"west": {"uv": [8, 10.5, 9, 11.5], "texture": "#2"},
				"up": {"uv": [14.5, 9, 14, 8], "texture": "#2"},
				"down": {"uv": [14.5, 9, 14, 10], "texture": "#2"}
			}
		},
		{
			"from": [7.6875, 2.36367, 11.31461],
			"to": [8.3125, 5.61367, 11.56461],
			"rotation": {"angle": 45, "axis": "x", "origin": [8, 5.5, 11.25]},
			"faces": {
				"north": {"uv": [12, 3, 12.5, 4.5], "texture": "#2"},
				"east": {"uv": [12, 4.5, 12.5, 6], "texture": "#2"},
				"south": {"uv": [7, 12.5, 7.5, 14], "texture": "#2"},
				"west": {"uv": [7.5, 12.5, 8, 14], "texture": "#2"},
				"up": {"uv": [15.5, 1, 15, 0.5], "texture": "#2"},
				"down": {"uv": [15.5, 1, 15, 1.5], "texture": "#2"}
			}
		},
		{
			"from": [7.6875, 2.36367, 11.56461],
			"to": [8.3125, 5.36367, 11.81461],
			"rotation": {"angle": 45, "axis": "x", "origin": [8, 5.5, 11.25]},
			"faces": {
				"north": {"uv": [12.5, 12.5, 13, 14], "texture": "#2"},
				"east": {"uv": [12.5, 0, 13, 1.5], "texture": "#2"},
				"south": {"uv": [12.5, 1.5, 13, 3], "texture": "#2"},
				"west": {"uv": [12.5, 3, 13, 4.5], "texture": "#2"},
				"up": {"uv": [15.5, 2, 15, 1.5], "texture": "#2"},
				"down": {"uv": [15.5, 2, 15, 2.5], "texture": "#2"}
			}
		},
		{
			"from": [7.625, 2.32561, 11.37327],
			"to": [8.375, 5.57561, 11.62327],
			"rotation": {"angle": 0, "axis": "x", "origin": [7.75, 5, 11.25]},
			"faces": {
				"north": {"uv": [12.5, 4.5, 13, 6], "texture": "#2"},
				"east": {"uv": [12.5, 6, 13, 7.5], "texture": "#2"},
				"south": {"uv": [12.5, 7.5, 13, 9], "texture": "#2"},
				"west": {"uv": [12.5, 9, 13, 10.5], "texture": "#2"},
				"up": {"uv": [15.5, 3, 15, 2.5], "texture": "#2"},
				"down": {"uv": [15.5, 3, 15, 3.5], "texture": "#2"}
			}
		},
		{
			"from": [7.6875, 2.36367, 12.31461],
			"to": [8.3125, 4.61367, 12.56461],
			"rotation": {"angle": 45, "axis": "x", "origin": [8, 5.5, 11.25]},
			"faces": {
				"north": {"uv": [14, 10, 14.5, 11], "texture": "#2"},
				"east": {"uv": [14, 11, 14.5, 12], "texture": "#2"},
				"south": {"uv": [14, 12, 14.5, 13], "texture": "#2"},
				"west": {"uv": [14, 13, 14.5, 14], "texture": "#2"},
				"up": {"uv": [15.5, 4, 15, 3.5], "texture": "#2"},
				"down": {"uv": [15.5, 4, 15, 4.5], "texture": "#2"}
			}
		},
		{
			"from": [7.6875, 2.36367, 12.56461],
			"to": [8.3125, 4.36367, 12.81461],
			"rotation": {"angle": 45, "axis": "x", "origin": [8, 5.5, 11.25]},
			"faces": {
				"north": {"uv": [10, 14.5, 10.5, 15.5], "texture": "#2"},
				"east": {"uv": [10.5, 14.5, 11, 15.5], "texture": "#2"},
				"south": {"uv": [11, 14.5, 11.5, 15.5], "texture": "#2"},
				"west": {"uv": [11.5, 14.5, 12, 15.5], "texture": "#2"},
				"up": {"uv": [15.5, 5, 15, 4.5], "texture": "#2"},
				"down": {"uv": [15.5, 5, 15, 5.5], "texture": "#2"}
			}
		},
		{
			"from": [7.6875, 2.36367, 12.81461],
			"to": [8.3125, 4.11367, 13.06461],
			"rotation": {"angle": 45, "axis": "x", "origin": [8, 5.5, 11.25]},
			"faces": {
				"north": {"uv": [12, 14.5, 12.5, 15.5], "texture": "#2"},
				"east": {"uv": [13, 14.5, 13.5, 15.5], "texture": "#2"},
				"south": {"uv": [13.5, 14.5, 14, 15.5], "texture": "#2"},
				"west": {"uv": [14.5, 14.5, 15, 15.5], "texture": "#2"},
				"up": {"uv": [15.5, 6, 15, 5.5], "texture": "#2"},
				"down": {"uv": [15.5, 6, 15, 6.5], "texture": "#2"}
			}
		},
		{
			"from": [7.6875, 2.36367, 12.06461],
			"to": [8.3125, 4.86367, 12.31461],
			"rotation": {"angle": 45, "axis": "x", "origin": [8, 5.5, 11.25]},
			"faces": {
				"north": {"uv": [12.5, 10.5, 13, 12], "texture": "#2"},
				"east": {"uv": [13, 13, 13.5, 14.5], "texture": "#2"},
				"south": {"uv": [13, 0, 13.5, 1.5], "texture": "#2"},
				"west": {"uv": [13, 1.5, 13.5, 3], "texture": "#2"},
				"up": {"uv": [15.5, 7, 15, 6.5], "texture": "#2"},
				"down": {"uv": [15.5, 7, 15, 7.5], "texture": "#2"}
			}
		},
		{
			"from": [7.6875, 2.36367, 11.81461],
			"to": [8.3125, 5.11367, 12.06461],
			"rotation": {"angle": 45, "axis": "x", "origin": [8, 5.5, 11.25]},
			"faces": {
				"north": {"uv": [13, 3, 13.5, 4.5], "texture": "#2"},
				"east": {"uv": [13, 4.5, 13.5, 6], "texture": "#2"},
				"south": {"uv": [13, 6, 13.5, 7.5], "texture": "#2"},
				"west": {"uv": [13, 7.5, 13.5, 9], "texture": "#2"},
				"up": {"uv": [15.5, 8, 15, 7.5], "texture": "#2"},
				"down": {"uv": [15.5, 8, 15, 8.5], "texture": "#2"}
			}
		}
	],
	"gui_light": "front",
	"display": {
		"thirdperson_righthand": {
			"rotation": [0, -180, 0],
			"translation": [0, 15, 0.25]
		},
		"thirdperson_lefthand": {
			"rotation": [0, -180, -180],
			"translation": [0, -18, 0.25]
		},
		"firstperson_righthand": {
			"rotation": [-25.25, -180, 0],
			"translation": [0, 7.5, 1]
		},
		"firstperson_lefthand": {
			"rotation": [-73, -180, -180],
			"translation": [0, -2.75, 22]
		},
		"ground": {
			"rotation": [-180, 0, 0],
			"translation": [0, -4.5, 0]
		},
		"gui": {
			"rotation": [-90, -47, -90],
			"scale": [0.4, 0.4, 0.4]
		},
		"head": {
			"translation": [-7.25, 2.5, -1],
			"scale": [0.5, 0.5, 0.5]
		},
		"fixed": {
			"rotation": [90, 0, 0],
			"translation": [0, 0, -4],
			"scale": [2, 2, 2]
		}
	},
	"groups": [
		{
			"name": "sword",
			"origin": [8, 8, 8],
			"children": [
				{
					"name": "bout",
					"origin": [8, 8, 8],
					"children": [0,
						{
							"name": "croix",
							"origin": [14.75, 20.5, 15],
							"children": [1, 2, 3, 4, 5, 6, 7, 8, 9, 10, 11]
						}, 12, 13, 14, 15, 16, 17, 18, 19, 20, 21, 22, 23, 24, 25]
				},
				{
					"name": "lame",
					"origin": [8, 8, 8],
					"children": [26, 27, 28, 29, 30, 31, 32, 33, 34, 35, 36, 37, 38, 39, 40, 41, 42, 43, 44, 45, 46, 47, 48, 49, 50, 51]
				}
			]
		}
	]
}