{
	"credit": "Made with Blockbench",
	"texture_size": [64, 64],
	"textures": {
		"0": "add/item/tuque",
		"particle": "add/item/tuque"
	},
	"elements": [
		{
			"from": [0, 0, 0],
			"to": [16, 5, 3],
			"faces": {
				"north": {"uv": [3.5, 1.25, 7.5, 2.5], "texture": "#0"},
				"east": {"uv": [6, 8, 6.75, 9.25], "texture": "#0"},
				"south": {"uv": [3.5, 4.75, 7.5, 6], "texture": "#0"},
				"west": {"uv": [6.75, 8.25, 7.5, 9.5], "texture": "#0"},
				"up": {"uv": [11.5, 5.25, 7.5, 4.5], "texture": "#0"},
				"down": {"uv": [11.5, 5.25, 7.5, 6], "texture": "#0"}
			}
		},
		{
			"from": [0, 0, 13],
			"to": [16, 5, 16],
			"rotation": {"angle": 0, "axis": "y", "origin": [8, 8, 21]},
			"faces": {
				"north": {"uv": [3.5, 3.5, 7.5, 4.75], "texture": "#0"},
				"east": {"uv": [3, 8, 3.75, 9.25], "texture": "#0"},
				"south": {"uv": [3.5, 0, 7.5, 1.25], "texture": "#0"},
				"west": {"uv": [3.75, 8, 4.5, 9.25], "texture": "#0"},
				"up": {"uv": [11, 6.75, 7, 6], "texture": "#0"},
				"down": {"uv": [11.5, 3.75, 7.5, 4.5], "texture": "#0"}
			}
		},
		{
			"from": [1, 5, 1],
			"to": [15, 9, 15],
			"rotation": {"angle": 0, "axis": "y", "origin": [8, 13, 20]},
			"faces": {
				"north": {"uv": [3.5, 2.5, 7, 3.5], "texture": "#0"},
				"east": {"uv": [3.5, 6, 7, 7], "texture": "#0"},
				"south": {"uv": [0, 7, 3.5, 8], "texture": "#0"},
				"west": {"uv": [3.5, 7, 7, 8], "texture": "#0"},
				"up": {"uv": [3.5, 3.5, 0, 0], "texture": "#0"},
				"down": {"uv": [3.5, 3.5, 0, 7], "texture": "#0"}
			}
		},
		{
			"from": [13, 0, 3],
			"to": [16, 5, 13],
			"rotation": {"angle": 0, "axis": "y", "origin": [8, 8, 11]},
			"faces": {
				"north": {"uv": [4.5, 8, 5.25, 9.25], "texture": "#0"},
				"east": {"uv": [7, 7, 9.5, 8.25], "texture": "#0"},
				"south": {"uv": [5.25, 8, 6, 9.25], "texture": "#0"},
				"west": {"uv": [7.5, 0, 10, 1.25], "texture": "#0"},
				"up": {"uv": [0.75, 10.5, 0, 8], "texture": "#0"},
				"down": {"uv": [1.5, 8, 0.75, 10.5], "texture": "#0"}
			}
		},
		{
			"from": [0, 0, 3],
			"to": [3, 5, 13],
			"rotation": {"angle": 0, "axis": "y", "origin": [-5, 8, 11]},
			"faces": {
				"north": {"uv": [7.5, 8.25, 8.25, 9.5], "texture": "#0"},
				"east": {"uv": [7.5, 1.25, 10, 2.5], "texture": "#0"},
				"south": {"uv": [8.25, 8.25, 9, 9.5], "texture": "#0"},
				"west": {"uv": [7.5, 2.5, 10, 3.75], "texture": "#0"},
				"up": {"uv": [2.25, 10.5, 1.5, 8], "texture": "#0"},
				"down": {"uv": [3, 8, 2.25, 10.5], "texture": "#0"}
			}
		}
	],
	"gui_light": "front",
	"display": {
		"thirdperson_righthand": {
			"rotation": [-48.25, 0, 0],
			"translation": [0, -0.25, -1.75],
			"scale": [0.2, 0.2, 0.2]
		},
		"thirdperson_lefthand": {
			"rotation": [-48.25, 0, 0],
			"translation": [0, -0.25, -1.75],
			"scale": [0.2, 0.2, 0.2]
		},
		"firstperson_righthand": {
			"translation": [0, 2.25, 2.75],
			"scale": [0.4, 0.4, 0.4]
		},
		"firstperson_lefthand": {
			"translation": [0, 2.25, 2.75],
			"scale": [0.4, 0.4, 0.4]
		},
		"ground": {
			"translation": [0, 5.25, 0],
			"scale": [0.4, 0.4, 0.4]
		},
		"gui": {
			"translation": [0, 2.75, 0],
			"scale": [0.8, 0.8, 0.8]
		},
		"head": {
			"rotation": [9, 0, 0],
			"translation": [0, 7, 0.75]
		}
	}
}