{
	"credit": "Made with Blockbench",
	"texture_size": [24, 24],
	"textures": {
		"0": "item/hit_war_axe",
		"1": "item/handle_war_axe",
		"particle": "item/hit_war_axe"
	},
	"elements": [
		{
			"from": [7, 18.25, 7.25],
			"to": [9, 24.5, 8.75],
			"rotation": {"angle": 0, "axis": "y", "origin": [8, 26.25, 8]},
			"faces": {
				"north": {"uv": [5.33333, 0, 6.66667, 4], "texture": "#1"},
				"east": {"uv": [2.66667, 6.66667, 4, 10.66667], "texture": "#1"},
				"south": {"uv": [6.66667, 6.66667, 8, 10.66667], "texture": "#1"},
				"west": {"uv": [6.66667, 0, 8, 4], "texture": "#1"},
				"up": {"uv": [12, 10.66667, 10.66667, 9.33333], "texture": "#1"},
				"down": {"uv": [1.33333, 11.33333, 0, 12.66667], "texture": "#1"}
			}
		},
		{
			"from": [7.25, 18.25, 6.75],
			"to": [8.75, 19.25, 9.25],
			"rotation": {"angle": 0, "axis": "y", "origin": [8, 26.25, 8]},
			"faces": {
				"north": {"uv": [12, 12.66667, 13.33333, 13.33333], "texture": "#1"},
				"east": {"uv": [12, 6, 14, 6.66667], "texture": "#1"},
				"south": {"uv": [12.66667, 0, 14, 0.66667], "texture": "#1"},
				"west": {"uv": [12, 8, 14, 8.66667], "texture": "#1"},
				"up": {"uv": [6.66667, 11.33333, 5.33333, 9.33333], "texture": "#1"},
				"down": {"uv": [10.66667, 9.33333, 9.33333, 11.33333], "texture": "#1"}
			}
		},
		{
			"from": [7.375, 19.25, 6.875],
			"to": [8.625, 20, 9.125],
			"rotation": {"angle": 0, "axis": "y", "origin": [8, 27.25, 8]},
			"faces": {
				"north": {"uv": [14, 1.33333, 14.66667, 2], "texture": "#1"},
				"east": {"uv": [12.66667, 0.66667, 14, 1.33333], "texture": "#1"},
				"south": {"uv": [14, 4.66667, 14.66667, 5.33333], "texture": "#1"},
				"west": {"uv": [12.66667, 1.33333, 14, 2], "texture": "#1"},
				"up": {"uv": [13.33333, 3.33333, 12.66667, 2], "texture": "#1"},
				"down": {"uv": [13.33333, 3.33333, 12.66667, 4.66667], "texture": "#1"}
			}
		},
		{
			"from": [7.5, 20, 7],
			"to": [8.5, 20.5, 9],
			"rotation": {"angle": 0, "axis": "y", "origin": [8, 28, 8]},
			"faces": {
				"north": {"uv": [14, 5.33333, 14.66667, 6], "texture": "#1"},
				"east": {"uv": [12.66667, 4.66667, 14, 5.33333], "texture": "#1"},
				"south": {"uv": [14, 6, 14.66667, 6.66667], "texture": "#1"},
				"west": {"uv": [12.66667, 6.66667, 14, 7.33333], "texture": "#1"},
				"up": {"uv": [0.66667, 14.66667, 0, 13.33333], "texture": "#1"},
				"down": {"uv": [1.33333, 13.33333, 0.66667, 14.66667], "texture": "#1"}
			}
		},
		{
			"from": [7.25, 21, 5.75],
			"to": [8.75, 22.25, 10.25],
			"rotation": {"angle": 0, "axis": "y", "origin": [8, 28.5, 8]},
			"faces": {
				"north": {"uv": [12.66667, 7.33333, 14, 8], "texture": "#1"},
				"east": {"uv": [9.33333, 4, 12.66667, 4.66667], "texture": "#1"},
				"south": {"uv": [12.66667, 12, 14, 12.66667], "texture": "#1"},
				"west": {"uv": [9.33333, 4.66667, 12.66667, 5.33333], "texture": "#1"},
				"up": {"uv": [9.33333, 6.66667, 8, 3.33333], "texture": "#1"},
				"down": {"uv": [2.66667, 9.33333, 1.33333, 12.66667], "texture": "#1"}
			}
		},
		{
			"from": [7.25, 22, 5.25],
			"to": [8.75, 22.25, 5.75],
			"rotation": {"angle": 0, "axis": "y", "origin": [8, 28.5, 8]},
			"faces": {
				"north": {"uv": [1.33333, 13.33333, 2.66667, 14], "texture": "#1"},
				"east": {"uv": [14, 6.66667, 14.66667, 7.33333], "texture": "#1"},
				"south": {"uv": [2.66667, 13.33333, 4, 14], "texture": "#1"},
				"west": {"uv": [14, 7.33333, 14.66667, 8], "texture": "#1"},
				"up": {"uv": [5.33333, 14, 4, 13.33333], "texture": "#1"},
				"down": {"uv": [6.66667, 13.33333, 5.33333, 14], "texture": "#1"}
			}
		},
		{
			"from": [7.375, 21.125, 5.25],
			"to": [8.625, 22.25, 5.75],
			"rotation": {"angle": -22.5, "axis": "x", "origin": [8, 22.25, 5.75]},
			"faces": {
				"north": {"uv": [14, 8, 14.66667, 8.66667], "texture": "#1"},
				"east": {"uv": [14, 8.66667, 14.66667, 9.33333], "texture": "#1"},
				"south": {"uv": [14, 9.33333, 14.66667, 10], "texture": "#1"},
				"west": {"uv": [14, 10, 14.66667, 10.66667], "texture": "#1"},
				"up": {"uv": [14.66667, 11.33333, 14, 10.66667], "texture": "#1"},
				"down": {"uv": [14.66667, 12, 14, 12.66667], "texture": "#1"}
			}
		},
		{
			"from": [7.375, 19.5, 8.25],
			"to": [8.625, 20.75, 9.75],
			"rotation": {"angle": -45, "axis": "x", "origin": [8, 20.125, 7.5]},
			"faces": {
				"north": {"uv": [0, 14.66667, 0.66667, 15.33333], "texture": "#1"},
				"east": {"uv": [6.66667, 13.33333, 8, 14], "texture": "#1"},
				"south": {"uv": [0.66667, 14.66667, 1.33333, 15.33333], "texture": "#1"},
				"west": {"uv": [8, 13.33333, 9.33333, 14], "texture": "#1"},
				"up": {"uv": [10, 14.66667, 9.33333, 13.33333], "texture": "#1"},
				"down": {"uv": [10.66667, 13.33333, 10, 14.66667], "texture": "#1"}
			}
		},
		{
			"from": [7.375, 20.875, 5.875],
			"to": [8.625, 22.125, 7.125],
			"rotation": {"angle": 22.5, "axis": "x", "origin": [8, 20.125, 6.5]},
			"faces": {
				"north": {"uv": [1.33333, 14.66667, 2, 15.33333], "texture": "#1"},
				"east": {"uv": [2, 14.66667, 2.66667, 15.33333], "texture": "#1"},
				"south": {"uv": [2.66667, 14.66667, 3.33333, 15.33333], "texture": "#1"},
				"west": {"uv": [3.33333, 14.66667, 4, 15.33333], "texture": "#1"},
				"up": {"uv": [4.66667, 15.33333, 4, 14.66667], "texture": "#1"},
				"down": {"uv": [5.33333, 14.66667, 4.66667, 15.33333], "texture": "#1"}
			}
		},
		{
			"from": [7.125, 23.5, 7.25],
			"to": [8.875, 25, 8.75],
			"rotation": {"angle": -45, "axis": "x", "origin": [8, 24.25, 8]},
			"faces": {
				"north": {"uv": [4, 11.33333, 5.33333, 12.66667], "texture": "#1"},
				"east": {"uv": [5.33333, 11.33333, 6.66667, 12.66667], "texture": "#1"},
				"south": {"uv": [8, 11.33333, 9.33333, 12.66667], "texture": "#1"},
				"west": {"uv": [9.33333, 11.33333, 10.66667, 12.66667], "texture": "#1"},
				"up": {"uv": [12.66667, 1.33333, 11.33333, 0], "texture": "#1"},
				"down": {"uv": [12.66667, 1.33333, 11.33333, 2.66667], "texture": "#1"}
			}
		},
		{
			"from": [7, 23.92, 5.75],
			"to": [9, 24.42, 7.25],
			"rotation": {"angle": -22.5, "axis": "x", "origin": [8, 24.5, 5.75]},
			"faces": {
				"north": {"uv": [10.66667, 13.33333, 12, 14], "texture": "#1"},
				"east": {"uv": [12, 13.33333, 13.33333, 14], "texture": "#1"},
				"south": {"uv": [13.33333, 13.33333, 14.66667, 14], "texture": "#1"},
				"west": {"uv": [13.33333, 2, 14.66667, 2.66667], "texture": "#1"},
				"up": {"uv": [12.66667, 4, 11.33333, 2.66667], "texture": "#1"},
				"down": {"uv": [12.66667, 6.66667, 11.33333, 8], "texture": "#1"}
			}
		},
		{
			"from": [6.875, 24.5, 7.125],
			"to": [9.125, 25, 7.25],
			"rotation": {"angle": 0, "axis": "x", "origin": [8, 24.97131, 7.14662]},
			"faces": {
				"north": {"uv": [13.33333, 2.66667, 14.66667, 3.33333], "texture": "#1"},
				"east": {"uv": [5.33333, 14.66667, 6, 15.33333], "texture": "#1"},
				"south": {"uv": [13.33333, 3.33333, 14.66667, 4], "texture": "#1"},
				"west": {"uv": [6, 14.66667, 6.66667, 15.33333], "texture": "#1"},
				"up": {"uv": [14.66667, 4.66667, 13.33333, 4], "texture": "#1"},
				"down": {"uv": [14.66667, 11.33333, 13.33333, 12], "texture": "#1"}
			}
		},
		{
			"from": [6.75, 23.5, 5.75],
			"to": [9.25, 24.5, 7.25],
			"rotation": {"angle": 0, "axis": "y", "origin": [8, 31.5, 6.5]},
			"faces": {
				"north": {"uv": [12, 8.66667, 14, 9.33333], "texture": "#1"},
				"east": {"uv": [13.33333, 12.66667, 14.66667, 13.33333], "texture": "#1"},
				"south": {"uv": [12, 9.33333, 14, 10], "texture": "#1"},
				"west": {"uv": [1.33333, 14, 2.66667, 14.66667], "texture": "#1"},
				"up": {"uv": [10, 8, 8, 6.66667], "texture": "#1"},
				"down": {"uv": [11.33333, 0, 9.33333, 1.33333], "texture": "#1"}
			}
		},
		{
			"from": [7, 23.92, 8.75],
			"to": [9, 24.42, 10.25],
			"rotation": {"angle": 22.5, "axis": "x", "origin": [8, 24.5, 10.25]},
			"faces": {
				"north": {"uv": [2.66667, 14, 4, 14.66667], "texture": "#1"},
				"east": {"uv": [4, 14, 5.33333, 14.66667], "texture": "#1"},
				"south": {"uv": [5.33333, 14, 6.66667, 14.66667], "texture": "#1"},
				"west": {"uv": [6.66667, 14, 8, 14.66667], "texture": "#1"},
				"up": {"uv": [4, 13.33333, 2.66667, 12], "texture": "#1"},
				"down": {"uv": [8, 12, 6.66667, 13.33333], "texture": "#1"}
			}
		},
		{
			"from": [6.875, 24.5, 8.75],
			"to": [9.125, 25, 8.875],
			"rotation": {"angle": 0, "axis": "x", "origin": [8, 24.97131, 8.85338]},
			"faces": {
				"north": {"uv": [8, 14, 9.33333, 14.66667], "texture": "#1"},
				"east": {"uv": [6.66667, 14.66667, 7.33333, 15.33333], "texture": "#1"},
				"south": {"uv": [10.66667, 14, 12, 14.66667], "texture": "#1"},
				"west": {"uv": [7.33333, 14.66667, 8, 15.33333], "texture": "#1"},
				"up": {"uv": [13.33333, 14.66667, 12, 14], "texture": "#1"},
				"down": {"uv": [14.66667, 14, 13.33333, 14.66667], "texture": "#1"}
			}
		},
		{
			"from": [6.75, 23.5, 8.75],
			"to": [9.25, 24.5, 10.25],
			"rotation": {"angle": 0, "axis": "y", "origin": [8, 31.5, 9.5]},
			"faces": {
				"north": {"uv": [12, 10, 14, 10.66667], "texture": "#1"},
				"east": {"uv": [14, 0, 15.33333, 0.66667], "texture": "#1"},
				"south": {"uv": [12, 10.66667, 14, 11.33333], "texture": "#1"},
				"west": {"uv": [14, 0.66667, 15.33333, 1.33333], "texture": "#1"},
				"up": {"uv": [11.33333, 2.66667, 9.33333, 1.33333], "texture": "#1"},
				"down": {"uv": [11.33333, 2.66667, 9.33333, 4], "texture": "#1"}
			}
		},
		{
			"from": [7, 0, 7],
			"to": [9, 1, 9],
			"faces": {
				"north": {"uv": [2.66667, 2, 4, 2.66667], "texture": "#1"},
				"east": {"uv": [6.66667, 6, 8, 6.66667], "texture": "#1"},
				"south": {"uv": [12, 11.33333, 13.33333, 12], "texture": "#1"},
				"west": {"uv": [0, 12.66667, 1.33333, 13.33333], "texture": "#1"},
				"up": {"uv": [2.66667, 1.33333, 1.33333, 0], "texture": "#1"},
				"down": {"uv": [6.66667, 4, 5.33333, 5.33333], "texture": "#1"}
			}
		},
		{
			"from": [7, 6.5, 7],
			"to": [9, 7.5, 9],
			"rotation": {"angle": 0, "axis": "y", "origin": [8, 14.5, 8]},
			"faces": {
				"north": {"uv": [1.33333, 12.66667, 2.66667, 13.33333], "texture": "#1"},
				"east": {"uv": [4, 12.66667, 5.33333, 13.33333], "texture": "#1"},
				"south": {"uv": [5.33333, 12.66667, 6.66667, 13.33333], "texture": "#1"},
				"west": {"uv": [8, 12.66667, 9.33333, 13.33333], "texture": "#1"},
				"up": {"uv": [10.66667, 6.66667, 9.33333, 5.33333], "texture": "#1"},
				"down": {"uv": [10.66667, 8, 9.33333, 9.33333], "texture": "#1"}
			}
		},
		{
			"from": [7, 13, 7],
			"to": [9, 17.75, 9],
			"rotation": {"angle": 0, "axis": "y", "origin": [8, 21, 8]},
			"faces": {
				"north": {"uv": [0, 8, 1.33333, 11.33333], "texture": "#1"},
				"east": {"uv": [4, 8, 5.33333, 11.33333], "texture": "#1"},
				"south": {"uv": [8, 8, 9.33333, 11.33333], "texture": "#1"},
				"west": {"uv": [8, 0, 9.33333, 3.33333], "texture": "#1"},
				"up": {"uv": [11.33333, 8, 10, 6.66667], "texture": "#1"},
				"down": {"uv": [4, 10.66667, 2.66667, 12], "texture": "#1"}
			}
		},
		{
			"from": [7, 17.75, 6.75],
			"to": [9, 18.25, 9.25],
			"rotation": {"angle": 0, "axis": "y", "origin": [8, 25.75, 8]},
			"faces": {
				"north": {"uv": [9.33333, 12.66667, 10.66667, 13.33333], "texture": "#1"},
				"east": {"uv": [10.66667, 12, 12.66667, 12.66667], "texture": "#1"},
				"south": {"uv": [10.66667, 12.66667, 12, 13.33333], "texture": "#1"},
				"west": {"uv": [12, 5.33333, 14, 6], "texture": "#1"},
				"up": {"uv": [4, 2, 2.66667, 0], "texture": "#1"},
				"down": {"uv": [8, 4, 6.66667, 6], "texture": "#1"}
			}
		},
		{
			"from": [7.125, 1, 7.125],
			"to": [8.875, 6.5, 8.875],
			"rotation": {"angle": 0, "axis": "y", "origin": [8, 9, 8]},
			"faces": {
				"north": {"uv": [0, 0, 1.33333, 4], "texture": "#1"},
				"east": {"uv": [1.33333, 1.33333, 2.66667, 5.33333], "texture": "#1"},
				"south": {"uv": [2.66667, 2.66667, 4, 6.66667], "texture": "#1"},
				"west": {"uv": [0, 4, 1.33333, 8], "texture": "#1"},
				"up": {"uv": [8, 12, 6.66667, 10.66667], "texture": "#1"},
				"down": {"uv": [12, 10.66667, 10.66667, 12], "texture": "#1"}
			}
		},
		{
			"from": [7.125, 7.5, 7.125],
			"to": [8.875, 13, 8.875],
			"rotation": {"angle": 0, "axis": "y", "origin": [8, 15.5, 8]},
			"faces": {
				"north": {"uv": [4, 4, 5.33333, 8], "texture": "#1"},
				"east": {"uv": [4, 0, 5.33333, 4], "texture": "#1"},
				"south": {"uv": [1.33333, 5.33333, 2.66667, 9.33333], "texture": "#1"},
				"west": {"uv": [5.33333, 5.33333, 6.66667, 9.33333], "texture": "#1"},
				"up": {"uv": [12, 6.66667, 10.66667, 5.33333], "texture": "#1"},
				"down": {"uv": [12, 8, 10.66667, 9.33333], "texture": "#1"}
			}
		},
		{
			"from": [7.5, 20.9, 1],
			"to": [8.5, 23.5, 10.5],
			"rotation": {"angle": 0, "axis": "y", "origin": [8, 22.2, 5.75]},
			"faces": {
				"north": {"uv": [7.5, 8.5, 8, 10], "texture": "#0"},
				"east": {"uv": [0, 0, 5, 1.5], "texture": "#0"},
				"south": {"uv": [8.5, 1, 9, 2.5], "texture": "#0"},
				"west": {"uv": [0, 1.5, 5, 3], "texture": "#0"},
				"up": {"uv": [2.5, 8, 2, 3], "texture": "#0"},
				"down": {"uv": [3, 3, 2.5, 8], "texture": "#0"}
			}
		},
		{
			"from": [7.625, 21.4, 10.5],
			"to": [8.375, 23.22589, 13.18744],
			"rotation": {"angle": 0, "axis": "y", "origin": [8, 22.2, 15.25]},
			"faces": {
				"north": {"uv": [3.5, 10, 4, 11], "texture": "#0"},
				"east": {"uv": [5, 1, 6.5, 2], "texture": "#0"},
				"south": {"uv": [7.5, 10, 8, 11], "texture": "#0"},
				"west": {"uv": [5, 2, 6.5, 3], "texture": "#0"},
				"up": {"uv": [9, 5, 8.5, 3.5], "texture": "#0"},
				"down": {"uv": [0.5, 9, 0, 10.5], "texture": "#0"}
			}
		},
		{
			"from": [7.625, 20.92015, -0.72396],
			"to": [8.375, 23.57926, 1],
			"rotation": {"angle": 0, "axis": "y", "origin": [8, 22.2, 8]},
			"faces": {
				"north": {"uv": [0.5, 9, 1, 10.5], "texture": "#0"},
				"east": {"uv": [4, 6, 5, 7.5], "texture": "#0"},
				"south": {"uv": [1, 9, 1.5, 10.5], "texture": "#0"},
				"west": {"uv": [6, 6, 7, 7.5], "texture": "#0"},
				"up": {"uv": [10, 11, 9.5, 10], "texture": "#0"},
				"down": {"uv": [10.5, 10, 10, 11], "texture": "#0"}
			}
		},
		{
			"from": [7.725, 20.85, -0.65],
			"to": [8.275, 23.65, 0.9],
			"rotation": {"angle": 0, "axis": "y", "origin": [8, 22.2, 8]},
			"faces": {
				"north": {"uv": [1.5, 9, 2, 10.5], "texture": "#0"},
				"east": {"uv": [6, 3, 7, 4.5], "texture": "#0"},
				"south": {"uv": [2, 9, 2.5, 10.5], "texture": "#0"},
				"west": {"uv": [6, 4.5, 7, 6], "texture": "#0"},
				"up": {"uv": [10.5, 1, 10, 0], "texture": "#0"},
				"down": {"uv": [10.5, 1, 10, 2], "texture": "#0"}
			}
		},
		{
			"from": [7.65, 21.78167, -0.54967],
			"to": [8.35, 24.35609, 1.19515],
			"rotation": {"angle": -22.5, "axis": "x", "origin": [8, 22.2, 8]},
			"faces": {
				"north": {"uv": [2.5, 9, 3, 10.5], "texture": "#0"},
				"east": {"uv": [6.5, 1, 7.5, 2.5], "texture": "#0"},
				"south": {"uv": [3, 9, 3.5, 10.5], "texture": "#0"},
				"west": {"uv": [5, 7, 6, 8.5], "texture": "#0"},
				"up": {"uv": [10.5, 3, 10, 2], "texture": "#0"},
				"down": {"uv": [10.5, 3, 10, 4], "texture": "#0"}
			}
		},
		{
			"from": [7.75, 21.70609, -0.45485],
			"to": [8.25, 24.25609, 1.09515],
			"rotation": {"angle": -22.5, "axis": "x", "origin": [8, 22.2, 8]},
			"faces": {
				"north": {"uv": [4, 9, 4.5, 10.5], "texture": "#0"},
				"east": {"uv": [7, 7, 8, 8.5], "texture": "#0"},
				"south": {"uv": [4.5, 9, 5, 10.5], "texture": "#0"},
				"west": {"uv": [7, 2.5, 8, 4], "texture": "#0"},
				"up": {"uv": [10.5, 5, 10, 4], "texture": "#0"},
				"down": {"uv": [10.5, 5, 10, 6], "texture": "#0"}
			}
		},
		{
			"from": [7.675, 14.14105, 5.11467],
			"to": [8.325, 15.89105, 7.61467],
			"rotation": {"angle": 45, "axis": "x", "origin": [8, 22.2, 8]},
			"faces": {
				"north": {"uv": [10, 6, 10.5, 7], "texture": "#0"},
				"east": {"uv": [7, 0, 8.5, 1], "texture": "#0"},
				"south": {"uv": [10, 8, 10.5, 9], "texture": "#0"},
				"west": {"uv": [7, 4, 8.5, 5], "texture": "#0"},
				"up": {"uv": [6.5, 10.5, 6, 9], "texture": "#0"},
				"down": {"uv": [7, 9, 6.5, 10.5], "texture": "#0"}
			}
		},
		{
			"from": [7.775, 14.24105, 5.21467],
			"to": [8.225, 15.79105, 7.51467],
			"rotation": {"angle": 45, "axis": "x", "origin": [8, 22.2, 8]},
			"faces": {
				"north": {"uv": [0, 10.5, 0.5, 11.5], "texture": "#0"},
				"east": {"uv": [5, 4, 6, 5], "texture": "#0"},
				"south": {"uv": [0.5, 10.5, 1, 11.5], "texture": "#0"},
				"west": {"uv": [8, 6, 9, 7], "texture": "#0"},
				"up": {"uv": [1.5, 11.5, 1, 10.5], "texture": "#0"},
				"down": {"uv": [2, 10.5, 1.5, 11.5], "texture": "#0"}
			}
		},
		{
			"from": [7.7, 16.75, 2],
			"to": [8.3, 18, 3.25],
			"rotation": {"angle": 0, "axis": "x", "origin": [8, 22.2, 8]},
			"faces": {
				"north": {"uv": [3.5, 3, 4, 3.5], "texture": "#0"},
				"east": {"uv": [6.5, 2.5, 7, 3], "texture": "#0"},
				"south": {"uv": [3, 7.5, 3.5, 8], "texture": "#0"},
				"west": {"uv": [8, 3.5, 8.5, 4], "texture": "#0"},
				"up": {"uv": [10.5, 9.5, 10, 9], "texture": "#0"},
				"down": {"uv": [11, 10, 10.5, 10.5], "texture": "#0"}
			}
		},
		{
			"from": [7.8, 16.85, 2.1],
			"to": [8.2, 17.9, 3.15],
			"rotation": {"angle": 0, "axis": "x", "origin": [8, 22.2, 8]},
			"faces": {
				"north": {"uv": [10, 11, 10.5, 11.5], "texture": "#0"},
				"east": {"uv": [11, 11, 11.5, 11.5], "texture": "#0"},
				"south": {"uv": [11, 0, 11.5, 0.5], "texture": "#0"},
				"west": {"uv": [11, 0.5, 11.5, 1], "texture": "#0"},
				"up": {"uv": [11.5, 1.5, 11, 1], "texture": "#0"},
				"down": {"uv": [11.5, 1.5, 11, 2], "texture": "#0"}
			}
		},
		{
			"from": [7.65, 20.13439, -0.591],
			"to": [8.35, 22.71812, 1.14732],
			"rotation": {"angle": 22.5, "axis": "x", "origin": [8, 22.2, 8]},
			"faces": {
				"north": {"uv": [8, 9, 8.5, 10.5], "texture": "#0"},
				"east": {"uv": [7, 5, 8, 6.5], "texture": "#0"},
				"south": {"uv": [8.5, 9, 9, 10.5], "texture": "#0"},
				"west": {"uv": [0, 7.5, 1, 9], "texture": "#0"},
				"up": {"uv": [2.5, 11.5, 2, 10.5], "texture": "#0"},
				"down": {"uv": [3, 10.5, 2.5, 11.5], "texture": "#0"}
			}
		},
		{
			"from": [7.75, 20.23439, -0.50268],
			"to": [8.25, 22.78439, 1.04732],
			"rotation": {"angle": 22.5, "axis": "x", "origin": [8, 22.2, 8]},
			"faces": {
				"north": {"uv": [9, 9, 9.5, 10.5], "texture": "#0"},
				"east": {"uv": [1, 7.5, 2, 9], "texture": "#0"},
				"south": {"uv": [9, 1, 9.5, 2.5], "texture": "#0"},
				"west": {"uv": [4, 7.5, 5, 9], "texture": "#0"},
				"up": {"uv": [3.5, 11.5, 3, 10.5], "texture": "#0"},
				"down": {"uv": [4.5, 10.5, 4, 11.5], "texture": "#0"}
			}
		},
		{
			"from": [7.675, 19.39105, -0.13533],
			"to": [8.325, 21.89105, 1.61467],
			"rotation": {"angle": 45, "axis": "x", "origin": [8, 22.2, 8]},
			"faces": {
				"north": {"uv": [9, 3.5, 9.5, 5], "texture": "#0"},
				"east": {"uv": [6, 7.5, 7, 9], "texture": "#0"},
				"south": {"uv": [9, 6, 9.5, 7.5], "texture": "#0"},
				"west": {"uv": [7.5, 1, 8.5, 2.5], "texture": "#0"},
				"up": {"uv": [5, 11.5, 4.5, 10.5], "texture": "#0"},
				"down": {"uv": [5.5, 10.5, 5, 11.5], "texture": "#0"}
			}
		},
		{
			"from": [7.575, 18.10648, 1.01383],
			"to": [8.425, 26.60648, 3.01383],
			"rotation": {"angle": 0, "axis": "x", "origin": [8, 25.73148, 2.01383]},
			"faces": {
				"north": {"uv": [3, 3, 3.5, 7.5], "texture": "#0"},
				"east": {"uv": [0, 3, 1, 7.5], "texture": "#0"},
				"south": {"uv": [3.5, 3.5, 4, 8], "texture": "#0"},
				"west": {"uv": [1, 3, 2, 7.5], "texture": "#0"},
				"up": {"uv": [6, 11.5, 5.5, 10.5], "texture": "#0"},
				"down": {"uv": [6.5, 10.5, 6, 11.5], "texture": "#0"}
			}
		},
		{
			"from": [7.575, 20.35648, 3.01383],
			"to": [8.425, 21.10648, 5.41383],
			"rotation": {"angle": 0, "axis": "x", "origin": [8, 25.73148, 4.51383]},
			"faces": {
				"north": {"uv": [11, 2, 11.5, 2.5], "texture": "#0"},
				"east": {"uv": [7, 6.5, 8, 7], "texture": "#0"},
				"south": {"uv": [11, 2.5, 11.5, 3], "texture": "#0"},
				"west": {"uv": [10, 7, 11, 7.5], "texture": "#0"},
				"up": {"uv": [7, 11.5, 6.5, 10.5], "texture": "#0"},
				"down": {"uv": [7.5, 10.5, 7, 11.5], "texture": "#0"}
			}
		},
		{
			"from": [7.6, 22.60648, 1.51383],
			"to": [8.4, 26.10648, 3.51383],
			"rotation": {"angle": -22.5, "axis": "x", "origin": [8, 24.98148, 2.51383]},
			"faces": {
				"north": {"uv": [3.5, 8, 4, 10], "texture": "#0"},
				"east": {"uv": [4, 4, 5, 6], "texture": "#0"},
				"south": {"uv": [5, 8.5, 5.5, 10.5], "texture": "#0"},
				"west": {"uv": [5, 5, 6, 7], "texture": "#0"},
				"up": {"uv": [8.5, 11.5, 8, 10.5], "texture": "#0"},
				"down": {"uv": [9, 10.5, 8.5, 11.5], "texture": "#0"}
			}
		},
		{
			"from": [7.6, 21.10648, 9.51383],
			"to": [8.4, 22.35648, 12.01383],
			"rotation": {"angle": -22.5, "axis": "x", "origin": [8, 23.48148, 10.51383]},
			"faces": {
				"north": {"uv": [11, 3, 11.5, 3.5], "texture": "#0"},
				"east": {"uv": [9, 7.5, 10.5, 8], "texture": "#0"},
				"south": {"uv": [11, 3.5, 11.5, 4], "texture": "#0"},
				"west": {"uv": [9.5, 9.5, 11, 10], "texture": "#0"},
				"up": {"uv": [10, 1.5, 9.5, 0], "texture": "#0"},
				"down": {"uv": [10, 1.5, 9.5, 3], "texture": "#0"}
			}
		},
		{
			"from": [7.6, 20.60648, 4.76383],
			"to": [8.4, 21.35648, 5.76383],
			"rotation": {"angle": -22.5, "axis": "x", "origin": [8, 22.98148, 4.76383]},
			"faces": {
				"north": {"uv": [11, 4, 11.5, 4.5], "texture": "#0"},
				"east": {"uv": [11, 4.5, 11.5, 5], "texture": "#0"},
				"south": {"uv": [11, 5, 11.5, 5.5], "texture": "#0"},
				"west": {"uv": [11, 5.5, 11.5, 6], "texture": "#0"},
				"up": {"uv": [11.5, 6.5, 11, 6], "texture": "#0"},
				"down": {"uv": [11.5, 6.5, 11, 7], "texture": "#0"}
			}
		},
		{
			"from": [7.6, 19.85648, 2.76383],
			"to": [8.4, 20.35648, 4.01383],
			"rotation": {"angle": -22.5, "axis": "x", "origin": [8, 22.23148, 3.01383]},
			"faces": {
				"north": {"uv": [11, 7, 11.5, 7.5], "texture": "#0"},
				"east": {"uv": [11, 7.5, 11.5, 8], "texture": "#0"},
				"south": {"uv": [11, 8, 11.5, 8.5], "texture": "#0"},
				"west": {"uv": [11, 8.5, 11.5, 9], "texture": "#0"},
				"up": {"uv": [11.5, 9.5, 11, 9], "texture": "#0"},
				"down": {"uv": [11.5, 9.5, 11, 10], "texture": "#0"}
			}
		},
		{
			"from": [7.6005, 22.73148, 2.13883],
			"to": [8.3905, 24.98148, 5.38883],
			"rotation": {"angle": 45, "axis": "x", "origin": [8, 23.73148, 3.01383]},
			"faces": {
				"north": {"uv": [9, 10.5, 9.5, 11.5], "texture": "#0"},
				"east": {"uv": [2, 8, 3.5, 9], "texture": "#0"},
				"south": {"uv": [10.5, 10.5, 11, 11.5], "texture": "#0"},
				"west": {"uv": [8, 8, 9.5, 9], "texture": "#0"},
				"up": {"uv": [10, 4.5, 9.5, 3], "texture": "#0"},
				"down": {"uv": [10, 4.5, 9.5, 6], "texture": "#0"}
			}
		},
		{
			"from": [7.60125, 23.23148, 13.40668],
			"to": [8.37975, 23.66764, 14.38883],
			"rotation": {"angle": 45, "axis": "x", "origin": [8, 22.73148, 12.76383]},
			"faces": {
				"north": {"uv": [11, 10, 11.5, 10.5], "texture": "#0"},
				"east": {"uv": [11, 10.5, 11.5, 11], "texture": "#0"},
				"south": {"uv": [0, 11.5, 0.5, 12], "texture": "#0"},
				"west": {"uv": [0.5, 11.5, 1, 12], "texture": "#0"},
				"up": {"uv": [1.5, 12, 1, 11.5], "texture": "#0"},
				"down": {"uv": [2, 11.5, 1.5, 12], "texture": "#0"}
			}
		},
		{
			"from": [7.6005, 22.48148, 4.88883],
			"to": [8.3905, 22.98148, 5.88883],
			"rotation": {"angle": 45, "axis": "x", "origin": [8, 21.98148, 3.51383]},
			"faces": {
				"north": {"uv": [2, 11.5, 2.5, 12], "texture": "#0"},
				"east": {"uv": [2.5, 11.5, 3, 12], "texture": "#0"},
				"south": {"uv": [3, 11.5, 3.5, 12], "texture": "#0"},
				"west": {"uv": [4, 11.5, 4.5, 12], "texture": "#0"},
				"up": {"uv": [5, 12, 4.5, 11.5], "texture": "#0"},
				"down": {"uv": [5.5, 11.5, 5, 12], "texture": "#0"}
			}
		},
		{
			"from": [7.6005, 20.98148, 2.88883],
			"to": [8.3905, 21.98148, 3.88883],
			"rotation": {"angle": 45, "axis": "x", "origin": [8, 20.98148, 1.51383]},
			"faces": {
				"north": {"uv": [5.5, 11.5, 6, 12], "texture": "#0"},
				"east": {"uv": [6, 11.5, 6.5, 12], "texture": "#0"},
				"south": {"uv": [6.5, 11.5, 7, 12], "texture": "#0"},
				"west": {"uv": [7, 11.5, 7.5, 12], "texture": "#0"},
				"up": {"uv": [8.5, 12, 8, 11.5], "texture": "#0"},
				"down": {"uv": [9, 11.5, 8.5, 12], "texture": "#0"}
			}
		},
		{
			"from": [7.7305, 16.50921, 2.19321],
			"to": [8.2705, 17.25921, 3.19321],
			"rotation": {"angle": 22.5, "axis": "x", "origin": [7.9955, 17.00921, 2.69321]},
			"faces": {
				"north": {"uv": [9, 11.5, 9.5, 12], "texture": "#0"},
				"east": {"uv": [10, 11.5, 10.5, 12], "texture": "#0"},
				"south": {"uv": [10.5, 11.5, 11, 12], "texture": "#0"},
				"west": {"uv": [11, 11.5, 11.5, 12], "texture": "#0"},
				"up": {"uv": [12, 12, 11.5, 11.5], "texture": "#0"},
				"down": {"uv": [12, 0, 11.5, 0.5], "texture": "#0"}
			}
		},
		{
			"from": [7.601, 21.98148, 3.38883],
			"to": [8.381, 23.98148, 6.63883],
			"rotation": {"angle": 22.5, "axis": "x", "origin": [8, 22.98148, 4.26383]},
			"faces": {
				"north": {"uv": [10.5, 0, 11, 1], "texture": "#0"},
				"east": {"uv": [8, 2.5, 9.5, 3.5], "texture": "#0"},
				"south": {"uv": [10.5, 1, 11, 2], "texture": "#0"},
				"west": {"uv": [8, 5, 9.5, 6], "texture": "#0"},
				"up": {"uv": [10, 7.5, 9.5, 6], "texture": "#0"},
				"down": {"uv": [10, 8, 9.5, 9.5], "texture": "#0"}
			}
		},
		{
			"from": [7.601, 22.98148, 11.38883],
			"to": [8.381, 24.48148, 14.88883],
			"rotation": {"angle": 22.5, "axis": "x", "origin": [8, 23.98148, 9.26383]},
			"faces": {
				"north": {"uv": [10.5, 2, 11, 3], "texture": "#0"},
				"east": {"uv": [4, 3, 6, 4], "texture": "#0"},
				"south": {"uv": [10.5, 3, 11, 4], "texture": "#0"},
				"west": {"uv": [5, 0, 7, 1], "texture": "#0"},
				"up": {"uv": [6, 10.5, 5.5, 8.5], "texture": "#0"},
				"down": {"uv": [7.5, 8.5, 7, 10.5], "texture": "#0"}
			}
		},
		{
			"from": [7.6015, 22.48148, 13.13883],
			"to": [8.3715, 23.98148, 13.88883],
			"rotation": {"angle": 22.5, "axis": "x", "origin": [8, 23.48148, 11.26383]},
			"faces": {
				"north": {"uv": [10.5, 4, 11, 5], "texture": "#0"},
				"east": {"uv": [10.5, 5, 11, 6], "texture": "#0"},
				"south": {"uv": [10.5, 6, 11, 7], "texture": "#0"},
				"west": {"uv": [10.5, 7.5, 11, 8.5], "texture": "#0"},
				"up": {"uv": [12, 1, 11.5, 0.5], "texture": "#0"},
				"down": {"uv": [12, 1, 11.5, 1.5], "texture": "#0"}
			}
		},
		{
			"from": [7.6015, 20.90501, 14.07797],
			"to": [8.3805, 22.38948, 14.7],
			"rotation": {"angle": 0, "axis": "x", "origin": [7.9865, 21.63948, 14.49689]},
			"faces": {
				"north": {"uv": [11.5, 1.5, 12, 2], "texture": "#0"},
				"east": {"uv": [11.5, 2, 12, 2.5], "texture": "#0"},
				"south": {"uv": [11.5, 2.5, 12, 3], "texture": "#0"},
				"west": {"uv": [11.5, 3, 12, 3.5], "texture": "#0"},
				"up": {"uv": [12, 4, 11.5, 3.5], "texture": "#0"},
				"down": {"uv": [12, 4, 11.5, 4.5], "texture": "#0"}
			}
		},
		{
			"from": [7.602, 20.37516, 14.27114],
			"to": [8.3804, 21.42483, 15.32082],
			"rotation": {"angle": 45, "axis": "x", "origin": [7.9865, 21.38948, 15.65]},
			"faces": {
				"north": {"uv": [11.5, 4.5, 12, 5], "texture": "#0"},
				"east": {"uv": [11.5, 5, 12, 5.5], "texture": "#0"},
				"south": {"uv": [11.5, 5.5, 12, 6], "texture": "#0"},
				"west": {"uv": [11.5, 6, 12, 6.5], "texture": "#0"},
				"up": {"uv": [12, 7, 11.5, 6.5], "texture": "#0"},
				"down": {"uv": [12, 7, 11.5, 7.5], "texture": "#0"}
			}
		},
		{
			"from": [7.601, 20.59201, 4.46054],
			"to": [8.381, 21.34201, 5.61054],
			"rotation": {"angle": 22.5, "axis": "x", "origin": [7.991, 20.96701, 5.03554]},
			"faces": {
				"north": {"uv": [11.5, 7.5, 12, 8], "texture": "#0"},
				"east": {"uv": [11.5, 8, 12, 8.5], "texture": "#0"},
				"south": {"uv": [11.5, 8.5, 12, 9], "texture": "#0"},
				"west": {"uv": [11.5, 9, 12, 9.5], "texture": "#0"},
				"up": {"uv": [12, 10, 11.5, 9.5], "texture": "#0"},
				"down": {"uv": [12, 10, 11.5, 10.5], "texture": "#0"}
			}
		},
		{
			"from": [7.601, 19.98148, 2.63883],
			"to": [8.381, 20.73148, 3.03883],
			"rotation": {"angle": 22.5, "axis": "x", "origin": [8, 19.48148, 0.26383]},
			"faces": {
				"north": {"uv": [11.5, 10.5, 12, 11], "texture": "#0"},
				"east": {"uv": [11.5, 11, 12, 11.5], "texture": "#0"},
				"south": {"uv": [0, 12, 0.5, 12.5], "texture": "#0"},
				"west": {"uv": [0.5, 12, 1, 12.5], "texture": "#0"},
				"up": {"uv": [1.5, 12.5, 1, 12], "texture": "#0"},
				"down": {"uv": [2, 12, 1.5, 12.5], "texture": "#0"}
			}
		},
		{
			"from": [7.775, 19.49105, -0.03533],
			"to": [8.225, 21.79105, 1.51467],
			"rotation": {"angle": 45, "axis": "x", "origin": [8, 22.2, 8]},
			"faces": {
				"north": {"uv": [10.5, 8.5, 11, 9.5], "texture": "#0"},
				"east": {"uv": [8, 7, 9, 8], "texture": "#0"},
				"south": {"uv": [3.5, 11, 4, 12], "texture": "#0"},
				"west": {"uv": [8.5, 0, 9.5, 1], "texture": "#0"},
				"up": {"uv": [8, 12, 7.5, 11], "texture": "#0"},
				"down": {"uv": [10, 11, 9.5, 12], "texture": "#0"}
			}
		}
	],
	"display": {
		"thirdperson_righthand": {
			"translation": [0, -3.5, 1],
			"scale": [1.5, 1.5, 1.5]
		},
		"thirdperson_lefthand": {
			"rotation": [90, -180, 0],
			"translation": [0.25, 1.25, 1],
			"scale": [1.5, 1.5, 1.5]
		},
		"firstperson_righthand": {
			"rotation": [-19.25, 11, 0],
			"translation": [1, -5.5, 3.75]
		},
		"firstperson_lefthand": {
			"rotation": [4, -180, 0],
			"translation": [1, -5.5, 3.75]
		},
		"ground": {
			"rotation": [-42.5, 0, 0],
			"translation": [0, 4.5, 4.25]
		},
		"gui": {
			"rotation": [-49, -23, -57],
			"translation": [-3.25, -2.25, 0],
			"scale": [0.6, 0.6, 0.6]
		},
		"head": {
			"rotation": [-30.25, 0, 0],
			"translation": [0, 0, -2]
		},
		"fixed": {
			"rotation": [19, -180, 0],
			"translation": [0, -21.5, -21],
			"scale": [2, 2, 2]
		}
	},
	"groups": [
		{
			"name": "bout",
			"origin": [8, 25.75, 8],
			"children": [0, 1, 2, 3, 4, 5, 6, 7, 8, 9, 10, 11, 12, 13, 14, 15]
		},
		{
			"name": "manche",
			"origin": [8, 8, 8],
			"children": [16, 17, 18, 19, 20, 21]
		},
		{
			"name": "hit",
			"origin": [8, 8, 8],
			"children": [22, 23, 24, 25, 26, 27, 28, 29, 30, 31, 32, 33, 34, 35, 36, 37, 38, 39, 40, 41, 42, 43, 44, 45, 46, 47, 48, 49, 50, 51, 52, 53]
		}
	]
}