{
  "parent": "minecraft:item/handheld",
  "textures": {
    "layer0": "minecraft:item/diamond_sword"
  },
  "overrides": [
    {
      "predicate": {
        "custom_model_data": 1
      },
      "model": "1_diamond_sword"
    },
    {
      "predicate": {
        "custom_model_data": 2
      },
      "model": "2_diamond_sword"
    },
    {
      "predicate": {
        "custom_model_data": 3
      },
      "model": "3_diamond_sword"
    },
    {
      "predicate": {
        "custom_model_data": 4
      },
      "model": "4_diamond_sword"
    },
    {
      "predicate": {
        "custom_model_data": 5
      },
      "model": "5_diamond_sword"
    },
    {
      "predicate": {
        "custom_model_data": 1028
      },
      "model": "spining_axe_diamond"
    }
  ]
}