{
    "parent": "item/handheld_rod",
    "textures": {
        "layer0": "item/fishing_rod"
    },
    "overrides": [
        {
            "predicate": {
                "cast": 1
            },
            "model": "item/fishing_rod_cast"
        },
		{
            "predicate": {
                "custom_model_data": 1028
            },
            "model": "fishing_bob"
        },
		{
            "predicate": {
                "custom_model_data": 1,
				"cast": 1028
            },
            "model": "fishing_bob_cast"
        }
    ]
}
