{
  "parent": "minecraft:item/handheld",
  "textures": {
    "layer0": "minecraft:item/golden_sword"
  },
  "overrides": [
    {
      "predicate": {
        "custom_model_data": 1
      },
      "model": "1_golden_sword"
    },
    {
      "predicate": {
        "custom_model_data": 2
      },
      "model": "2_golden_sword"
    },
    {
      "predicate": {
        "custom_model_data": 3
      },
      "model": "3_golden_sword"
    }
    ,
    {
      "predicate": {
        "custom_model_data": 4
      },
      "model": "4_golden_sword"
    }
    ,
    {
      "predicate": {
        "custom_model_data": 5
      },
      "model": "5_golden_sword"
    },
    {
      "predicate": {
        "custom_model_data": 6
      },
      "model": "6_golden_sword"
    }
  ]
}