{
  "parent": "minecraft:item/handheld",
  "textures": {
    "layer0": "minecraft:item/iron_sword"
  },
  "overrides": [
    {
      "predicate": {
        "custom_model_data": 1
      },
      "model": "1_iron_sword"
    },
    {
      "predicate": {
        "custom_model_data": 2
      },
      "model": "2_iron_sword"
    },
    {
      "predicate": {
        "custom_model_data": 3
      },
      "model": "3_iron_sword"
    },
    {
      "predicate": {
        "custom_model_data": 4
      },
      "model": "4_iron_sword"
    },
    {
      "predicate": {
        "custom_model_data": 5
      },
      "model": "5_iron_sword"
    },
    {
      "predicate": {
        "custom_model_data": 6
      },
      "model": "6_iron_sword"
    }
  ]
}