{
  "parent": "minecraft:item/handheld",
  "textures": {
    "layer0": "minecraft:item/netherite_sword"
  },
  "overrides": [
    {
      "predicate": {
        "custom_model_data": 1
      },
      "model": "1_netherite_sword"
    },
    {
      "predicate": {
        "custom_model_data": 2
      },
      "model": "2_netherite_sword"
    },
    {
      "predicate": {
        "custom_model_data": 3
      },
      "model": "3_netherite_sword"
    },
    {
      "predicate": {
        "custom_model_data": 4
      },
      "model": "4_netherite_sword"
    },
    {
      "predicate": {
        "custom_model_data": 5
      },
      "model": "5_netherite_sword"
    },
    {
      "predicate": {
        "custom_model_data": 1028
      },
      "model": "spining_axe"
    },
    {
      "predicate": {
        "custom_model_data": 1029
      },
      "model": "baconator"
    },
    {
      "predicate": {
        "custom_model_data": 1030
      },
      "model": "sao_kirito"
    },
    {
      "predicate": {
        "custom_model_data": 1031
      },
      "model": "coupe_trophee"
    },
    {
      "predicate": {
        "custom_model_data": 4201
      },
      "model": "4201_nyalice_sword"
    },
    {
      "predicate": {
        "custom_model_data": 4202
      },
      "model": "4202_nyalice_nightbreaker"
    }
  ]
}
