{
  "parent": "minecraft:item/handheld",
  "textures": {
    "layer0": "minecraft:item/stone_sword"
  },
  "overrides": [
    {
      "predicate": {
        "custom_model_data": 1
      },
      "model": "1_stone_sword"
    },
    {
      "predicate": {
        "custom_model_data": 2
      },
      "model": "2_stone_sword"
    },
    {
      "predicate": {
        "custom_model_data": 3
      },
      "model": "3_stone_sword"
    },
    {
      "predicate": {
        "custom_model_data": 4
      },
      "model": "4_stone_sword"
    },
    {
      "predicate": {
        "custom_model_data": 5
      },
      "model": "5_stone_sword"
    },
    {
      "predicate": {
        "custom_model_data": 6
      },
      "model": "6_stone_sword"
    }
  ]
}