{
  "parent": "minecraft:item/handheld",
  "textures": {
    "layer0": "minecraft:item/wooden_sword"
  },
  "overrides": [
    {
      "predicate": {
        "custom_model_data": 1
      },
      "model": "1_wooden_sword"
    },
    {
      "predicate": {
        "custom_model_data": 2
      },
      "model": "2_wooden_sword"
    },
    {
      "predicate": {
        "custom_model_data": 3
      },
      "model": "3_wooden_sword"
    },
    {
      "predicate": {
        "custom_model_data": 4
      },
      "model": "4_wooden_sword"
    },
    {
      "predicate": {
        "custom_model_data": 5
      },
      "model": "5_wooden_sword"
    }
  ]
}