{
	"credit": "Made with Blockbench",
	"textures": {
		"0": "add/item/spining_axe/hitdiamond",
		"1": "add/item/spining_axe/manche",
		"2": "add/item/spining_axe/mou",
		"particle": "add/item/spining_axe/hit"
	},
	"elements": [
		{
			"from": [7.5, 6, 7.5],
			"to": [8.5, 10, 8.5],
			"faces": {
				"north": {"uv": [0, 0, 1, 4], "texture": "#2"},
				"east": {"uv": [0, 0, 1, 4], "texture": "#2"},
				"south": {"uv": [0, 0, 1, 4], "texture": "#2"},
				"west": {"uv": [0, 0, 1, 4], "texture": "#2"},
				"up": {"uv": [0, 0, 1, 1], "texture": "#2"},
				"down": {"uv": [0, 0, 1, 1], "texture": "#2"}
			}
		},
		{
			"from": [7.75, 4, 7.75],
			"to": [8.25, 12, 8.25],
			"faces": {
				"north": {"uv": [0, 0, 0.5, 8], "texture": "#1"},
				"east": {"uv": [0, 0, 0.5, 8], "texture": "#1"},
				"south": {"uv": [0, 0, 0.5, 8], "texture": "#1"},
				"west": {"uv": [0, 0, 0.5, 8], "texture": "#1"},
				"up": {"uv": [0, 0, 0.5, 0.5], "texture": "#1"},
				"down": {"uv": [0, 0, 0.5, 0.5], "texture": "#1"}
			}
		},
		{
			"from": [7.75, 10, 12.25],
			"to": [8.25, 12.5, 13.25],
			"rotation": {"angle": -45, "axis": "x", "origin": [8, 10.75, 12]},
			"faces": {
				"north": {"uv": [0, 0, 0.5, 2.5], "rotation": 180, "texture": "#0"},
				"east": {"uv": [0, 0, 2.5, 1], "rotation": 270, "texture": "#0"},
				"south": {"uv": [0, 0, 0.5, 2.5], "texture": "#0"},
				"west": {"uv": [0, 0, 2.5, 1], "rotation": 90, "texture": "#0"},
				"up": {"uv": [0, 0, 0.5, 1], "rotation": 180, "texture": "#0"},
				"down": {"uv": [0, 0, 0.5, 1], "texture": "#0"}
			}
		},
		{
			"from": [7.5, 11.5, 9.25],
			"to": [8.5, 13, 11.75],
			"rotation": {"angle": 22.5, "axis": "x", "origin": [8, 11.5, 11]},
			"faces": {
				"north": {"uv": [0, 0, 1, 1.5], "texture": "#0"},
				"east": {"uv": [0, 0, 2.5, 1.5], "texture": "#0"},
				"south": {"uv": [0, 0, 1, 1.5], "texture": "#0"},
				"west": {"uv": [0, 0, 2.5, 1.5], "texture": "#0"},
				"up": {"uv": [0, 0, 1, 2.5], "texture": "#0"},
				"down": {"uv": [0, 0, 1, 2.5], "texture": "#0"}
			}
		},
		{
			"from": [7.25, 12, 7.25],
			"to": [8.75, 13.75, 9.75],
			"rotation": {"angle": 22.5, "axis": "x", "origin": [8, 12, 9]},
			"faces": {
				"north": {"uv": [0, 0, 1.5, 1.75], "texture": "#0"},
				"east": {"uv": [0, 0, 2.5, 1.75], "texture": "#0"},
				"south": {"uv": [0, 0, 1.5, 1.75], "texture": "#0"},
				"west": {"uv": [0, 0, 2.5, 1.75], "texture": "#0"},
				"up": {"uv": [0, 0, 1.5, 2.5], "texture": "#0"},
				"down": {"uv": [0, 0, 1.5, 2.5], "texture": "#0"}
			}
		},
		{
			"from": [7.5, 12.5, 5.75],
			"to": [8.5, 14.25, 8.25],
			"rotation": {"angle": 0, "axis": "x", "origin": [8, 12.5, 7.5]},
			"faces": {
				"north": {"uv": [0, 0, 1, 1.75], "texture": "#0"},
				"east": {"uv": [0, 0, 2.5, 1.75], "texture": "#0"},
				"south": {"uv": [0, 0, 1, 1.75], "texture": "#0"},
				"west": {"uv": [0, 0, 2.5, 1.75], "texture": "#0"},
				"up": {"uv": [0, 0, 1, 2.5], "texture": "#0"},
				"down": {"uv": [0, 0, 1, 2.5], "texture": "#0"}
			}
		},
		{
			"from": [7.75, 12.25, 4.5],
			"to": [8.25, 13.75, 8.25],
			"rotation": {"angle": 0, "axis": "x", "origin": [8, 12.25, 6.25]},
			"faces": {
				"north": {"uv": [0, 0, 0.5, 1.5], "texture": "#0"},
				"east": {"uv": [0, 0, 3.75, 1.5], "texture": "#0"},
				"south": {"uv": [0, 0, 0.5, 1.5], "texture": "#missing"},
				"west": {"uv": [0, 0, 3.75, 1.5], "texture": "#0"},
				"up": {"uv": [0, 0, 0.5, 3.75], "texture": "#0"},
				"down": {"uv": [0, 0, 0.5, 3.75], "texture": "#0"}
			}
		},
		{
			"from": [7.5, 10.75, 8],
			"to": [8.5, 11.25, 10],
			"rotation": {"angle": -45, "axis": "x", "origin": [8, 11, 8]},
			"faces": {
				"north": {"uv": [0, 0, 1, 0.5], "rotation": 180, "texture": "#1"},
				"east": {"uv": [0, 0, 0.5, 2], "rotation": 270, "texture": "#1"},
				"south": {"uv": [0, 0, 1, 0.5], "texture": "#missing"},
				"west": {"uv": [0, 0, 0.5, 2], "rotation": 90, "texture": "#1"},
				"up": {"uv": [0, 0, 1, 2], "rotation": 180, "texture": "#1"},
				"down": {"uv": [0, 0, 1, 2], "texture": "#1"}
			}
		},
		{
			"from": [7.75, 11, 7.75],
			"to": [8.25, 13, 8.25],
			"rotation": {"angle": 22.5, "axis": "x", "origin": [8, 11, 8]},
			"faces": {
				"north": {"uv": [0, 0, 0.5, 2], "texture": "#1"},
				"east": {"uv": [0, 0, 0.5, 2], "texture": "#1"},
				"south": {"uv": [0, 0, 0.5, 2], "texture": "#missing"},
				"west": {"uv": [0, 0, 0.5, 2], "texture": "#1"},
				"up": {"uv": [0, 0, 0.5, 0.5], "texture": "#missing"},
				"down": {"uv": [0, 0, 0.5, 0.5], "texture": "#missing"}
			}
		},
		{
			"from": [7.75, 12, 8.25],
			"to": [8.25, 14, 8.75],
			"rotation": {"angle": 45, "axis": "x", "origin": [8, 12, 9]},
			"faces": {
				"north": {"uv": [0, 0, 0.5, 2], "texture": "#1"},
				"east": {"uv": [0, 0, 0.5, 2], "texture": "#1"},
				"south": {"uv": [0, 0, 0.5, 2], "texture": "#1"},
				"west": {"uv": [0, 0, 0.5, 2], "texture": "#1"},
				"up": {"uv": [0, 0, 0.5, 0.5], "texture": "#1"},
				"down": {"uv": [0, 0, 0.5, 0.5], "texture": "#missing"}
			}
		},
		{
			"from": [7.75, 3.5, 2.75],
			"to": [8.25, 6, 3.75],
			"rotation": {"angle": -45, "axis": "x", "origin": [8, 5.25, 4]},
			"faces": {
				"north": {"uv": [0, 0, 0.5, 2.5], "rotation": 180, "texture": "#0"},
				"east": {"uv": [0, 0, 2.5, 1], "rotation": 270, "texture": "#0"},
				"south": {"uv": [0, 0, 0.5, 2.5], "texture": "#0"},
				"west": {"uv": [0, 0, 2.5, 1], "rotation": 90, "texture": "#0"},
				"up": {"uv": [0, 0, 0.5, 1], "rotation": 180, "texture": "#0"},
				"down": {"uv": [0, 0, 0.5, 1], "texture": "#0"}
			}
		},
		{
			"from": [7.5, 3, 4.25],
			"to": [8.5, 4.5, 6.75],
			"rotation": {"angle": 22.5, "axis": "x", "origin": [8, 4.5, 5]},
			"faces": {
				"north": {"uv": [0, 0, 1, 1.5], "texture": "#0"},
				"east": {"uv": [0, 0, 2.5, 1.5], "texture": "#0"},
				"south": {"uv": [0, 0, 1, 1.5], "texture": "#0"},
				"west": {"uv": [0, 0, 2.5, 1.5], "texture": "#0"},
				"up": {"uv": [0, 0, 1, 2.5], "texture": "#0"},
				"down": {"uv": [0, 0, 1, 2.5], "texture": "#0"}
			}
		},
		{
			"from": [7.25, 2.25, 6.25],
			"to": [8.75, 4, 8.75],
			"rotation": {"angle": 22.5, "axis": "x", "origin": [8, 4, 7]},
			"faces": {
				"north": {"uv": [0, 0, 1.5, 1.75], "texture": "#0"},
				"east": {"uv": [0, 0, 2.5, 1.75], "texture": "#0"},
				"south": {"uv": [0, 0, 1.5, 1.75], "texture": "#0"},
				"west": {"uv": [0, 0, 2.5, 1.75], "texture": "#0"},
				"up": {"uv": [0, 0, 1.5, 2.5], "texture": "#0"},
				"down": {"uv": [0, 0, 1.5, 2.5], "texture": "#0"}
			}
		},
		{
			"from": [7.5, 1.75, 7.75],
			"to": [8.5, 3.5, 10.25],
			"rotation": {"angle": 0, "axis": "x", "origin": [8, 3.5, 8.5]},
			"faces": {
				"north": {"uv": [0, 0, 1, 1.75], "texture": "#0"},
				"east": {"uv": [0, 0, 2.5, 1.75], "texture": "#0"},
				"south": {"uv": [0, 0, 1, 1.75], "texture": "#0"},
				"west": {"uv": [0, 0, 2.5, 1.75], "texture": "#0"},
				"up": {"uv": [0, 0, 1, 2.5], "texture": "#0"},
				"down": {"uv": [0, 0, 1, 2.5], "texture": "#0"}
			}
		},
		{
			"from": [7.75, 2.5, 7.75],
			"to": [8.25, 3.75, 11.5],
			"rotation": {"angle": 0, "axis": "x", "origin": [8, 4, 9.75]},
			"faces": {
				"north": {"uv": [0, 0, 0.5, 1.25], "texture": "#missing"},
				"east": {"uv": [0, 0, 3.75, 1.25], "texture": "#0"},
				"south": {"uv": [0, 0, 0.5, 1.25], "texture": "#0"},
				"west": {"uv": [0, 0, 3.75, 1.25], "texture": "#0"},
				"up": {"uv": [0, 0, 0.5, 3.75], "texture": "#0"},
				"down": {"uv": [0, 0, 0.5, 3.75], "texture": "#0"}
			}
		},
		{
			"from": [7.75, 2, 7.25],
			"to": [8.25, 4, 7.75],
			"rotation": {"angle": 45, "axis": "x", "origin": [8, 4, 7]},
			"faces": {
				"north": {"uv": [0, 0, 0.5, 2], "texture": "#1"},
				"east": {"uv": [0, 0, 0.5, 2], "texture": "#1"},
				"south": {"uv": [0, 0, 0.5, 2], "texture": "#1"},
				"west": {"uv": [0, 0, 0.5, 2], "texture": "#1"},
				"up": {"uv": [0, 0, 0.5, 0.5], "texture": "#missing"},
				"down": {"uv": [0, 0, 0.5, 0.5], "texture": "#1"}
			}
		},
		{
			"from": [7.75, 3, 7.75],
			"to": [8.25, 5, 8.25],
			"rotation": {"angle": 22.5, "axis": "x", "origin": [8, 5, 8]},
			"faces": {
				"north": {"uv": [0, 0, 0.5, 2], "texture": "#missing"},
				"east": {"uv": [0, 0, 0.5, 2], "texture": "#1"},
				"south": {"uv": [0, 0, 0.5, 2], "texture": "#1"},
				"west": {"uv": [0, 0, 0.5, 2], "texture": "#1"},
				"up": {"uv": [0, 0, 0.5, 0.5], "texture": "#missing"},
				"down": {"uv": [0, 0, 0.5, 0.5], "texture": "#missing"}
			}
		},
		{
			"from": [7.5, 4.75, 6],
			"to": [8.5, 5.25, 8],
			"rotation": {"angle": -45, "axis": "x", "origin": [8, 5, 8]},
			"faces": {
				"north": {"uv": [0, 0, 1, 0.5], "rotation": 180, "texture": "#missing"},
				"east": {"uv": [0, 0, 0.5, 2], "rotation": 270, "texture": "#1"},
				"south": {"uv": [0, 0, 1, 0.5], "texture": "#1"},
				"west": {"uv": [0, 0, 0.5, 2], "rotation": 90, "texture": "#1"},
				"up": {"uv": [0, 0, 1, 2], "rotation": 180, "texture": "#1"},
				"down": {"uv": [0, 0, 1, 2], "texture": "#1"}
			}
		}
	],
	"gui_light": "front",
	"display": {
		"thirdperson_righthand": {
			"rotation": [-14.5, 4, 9],
			"translation": [0, -2.25, 1.75],
			"scale": [2.02, 2.5, 2.5]
		},
		"thirdperson_lefthand": {
			"rotation": [92.25, 0, 0],
			"translation": [2, -1.75, 5.75],
			"scale": [2.02, 2.5, 2.5]
		},
		"firstperson_righthand": {
			"rotation": [-14.5, -6, 4],
			"translation": [4.75, -2.75, 1.25],
			"scale": [2.02, 2.5, 2.5]
		},
		"firstperson_lefthand": {
			"rotation": [-164, 0, 0],
			"translation": [2.5, -2.25, 7.25],
			"scale": [2.02, 2.5, 2.5]
		},
		"ground": {
			"rotation": [1, -1, 35],
			"translation": [0, 11, 0],
			"scale": [2.5, 2.5, 2.5]
		},
		"gui": {
			"rotation": [0, 90, 0]
		},
		"head": {
			"rotation": [0, -12.75, 88.75],
			"translation": [0, 3, -0.75],
			"scale": [4, 1.51, 2.22]
		},
		"fixed": {
			"translation": [0, -17, -15],
			"scale": [4, 4, 4]
		}
	},
	"groups": [0, 1,
		{
			"name": "group",
			"origin": [8, 12, 9],
			"children": [2, 3, 4, 5, 6, 7, 8, 9]
		},
		{
			"name": "group",
			"origin": [8, 5, 8],
			"children": [10, 11, 12, 13, 14, 15, 16, 17]
		}
	]
}